#iB,TC
iB_00002,TC000021
iB_00003,TC000029
iB_00004,TC000040
iB_00005,TC000043
iB_00006,TC000047
iB_00007,TC000049
iB_00008,TC000054
iB_00009,TC000056
iB_00010,TC000065
iB_00011,TC000069
iB_00012,TC000070
iB_00014,TC000078
iB_00015,TC000082
iB_00016,TC000085
iB_00017,TC000087
iB_00018,TC000088
iB_00019,TC000091
iB_00020,TC000095
iB_00021,TC000101
iB_00022,TC000108
iB_00023,TC000109
iB_00024,TC000114
iB_00025,TC032473
iB_00026,TC000144
iB_00027,TC000151
iB_00028,TC000158
iB_00029,TC000161
iB_00030,TC000162
iB_00031,TC000165
iB_00032,TC000167
iB_00033,TC000170
iB_00034,TC000175
iB_00035,TC000179
iB_00036,TC000182
iB_00037,TC000185
iB_00038,TC000188
iB_00039,TC000192
iB_00040,TC000196
iB_00041,TC032264
iB_00042,TC032258
iB_00043,TC000209
iB_00044,TC000219
iB_00045,TC000220
iB_00046,TC000221
iB_00047,TC000223
iB_00048,TC000228
iB_00049,TC000234
iB_00050,TC000238
iB_00051,TC000247
iB_00052,TC000249
iB_00053,TC000258
iB_00054,TC000267
iB_00055,TC000271
iB_00056,TC000272
iB_00057,TC000275
iB_00058,TC000282
iB_00060,TC000291
iB_00061,TC000291
iB_00061,TC000292
iB_00062,TC000297
iB_00063,TC032227
iB_00064,TC000302
iB_00065,TC000304
iB_00066,TC000308
iB_00067,TC032222
iB_00068,TC000315
iB_00069,TC000316
iB_00070,TC000317
iB_00072,TC000321
iB_00073,TC000326
iB_00074,TC000331
iB_00075,TC000334
iB_00076,TC000335
iB_00077,TC000349
iB_00078,TC000357
iB_00080,TC000373
iB_00081,TC000379
iB_00082,TC032198
iB_00083,TC000382
iB_00084,TC000388
iB_00085,TC000402
iB_00086,TC032188
iB_00087,TC000411
iB_00088,TC000412
iB_00089,TC000415
iB_00090,TC000423
iB_00091,TC000430
iB_00092,TC000431
iB_00093,TC000434
iB_00094,TC000442
iB_00095,TC000444
iB_00096,TC000449
iB_00097,TC000459
iB_00098,TC000462
iB_00099,TC000463
iB_00100,TC000466
iB_00101,TC000467
iB_00102,TC000470
iB_00103,TC000474
iB_00104,TC000475
iB_00105,TC000476
iB_00106,TC000481
iB_00107,TC000487
iB_00108,TC000495
iB_00109,TC032159
iB_00110,TC000504
iB_00111,TC000511
iB_00112,TC000514
iB_00113,TC000515
iB_00114,TC000517
iB_00115,TC000518
iB_00115,TC001059
iB_00116,TC000520
iB_00117,TC000522
iB_00118,TC000526
iB_00119,TC000529
iB_00120,TC000530
iB_00121,TC000534
iB_00122,TC000537
iB_00123,TC000538
iB_00124,TC000539
iB_00125,TC000542
iB_00126,TC000558
iB_00127,TC000561
iB_00128,TC000567
iB_00129,TC000570
iB_00130,TC000571
iB_00131,TC030994
iB_00132,TC000590
iB_00133,TC000591
iB_00134,TC000592
iB_00137,TC000602
iB_00137,TC000982
iB_00138,TC000605
iB_00139,TC000608
iB_00140,TC000610
iB_00140,TC000973
iB_00141,TC000614
iB_00142,TC000616
iB_00143,TC000618
iB_00144,TC000620
iB_00145,TC000630
iB_00146,TC000634
iB_00147,TC030993
iB_00148,TC000641
iB_00149,TC000642
iB_00151,TC000678
iB_00152,TC000685
iB_00153,TC000686
iB_00154,TC000687
iB_00155,TC000689
iB_00156,TC000693
iB_00157,TC000707
iB_00158,TC032080
iB_00159,TC000719
iB_00160,TC000720
iB_00163,TC000726
iB_00164,TC000737
iB_00165,TC000739
iB_00166,TC000748
iB_00167,TC000749
iB_00168,TC000753
iB_00169,TC000759
iB_00170,TC000771
iB_00171,TC000782
iB_00172,TC000798
iB_00173,TC000805
iB_00174,TC000807
iB_00176,TC032056
iB_00177,TC000821
iB_00178,TC000831
iB_00179,TC000840
iB_00180,TC000847
iB_00181,TC000855
iB_00182,TC000861
iB_00183,TC000876
iB_00184,TC000880
iB_00185,TC000885
iB_00186,TC000917
iB_00187,TC000929
iB_00188,TC000930
iB_00189,TC000932
iB_00193,TC000941
iB_00193,TC000944
iB_00194,TC032116
iB_00195,TC000949
iB_00196,TC000956
iB_00197,TC000960
iB_00198,TC000963
iB_00199,TC000967
iB_00200,TC000970
iB_00201,TC000973
iB_00202,TC000986
iB_00203,TC000992
iB_00203,TC000993
iB_00204,TC032132
iB_00205,TC001000
iB_00206,TC030995
iB_00207,TC001020
iB_00208,TC001032
iB_00209,TC001051
iB_00210,TC034557
iB_00211,TC001071
iB_00212,TC001083
iB_00213,TC001093
iB_00214,TC001110
iB_00215,TC001119
iB_00216,TC001128
iB_00217,TC032179
iB_00218,TC001142
iB_00219,TC032187
iB_00220,TC001154
iB_00221,TC001161
iB_00222,TC001162
iB_00223,TC001164
iB_00224,TC032207
iB_00225,TC001189
iB_00226,TC001193
iB_00227,TC032209
iB_00228,TC001209
iB_00229,TC001210
iB_00230,TC001214
iB_00231,TC032214
iB_00232,TC001259
iB_00233,TC001261
iB_00234,TC001262
iB_00235,TC001264
iB_00236,TC001287
iB_00237,TC001292
iB_00238,TC001320
iB_00239,TC001323
iB_00240,TC001328
iB_00241,TC001339
iB_00242,TC000193
iB_00242,TC001348
iB_00243,TC001356
iB_00244,TC001357
iB_00245,TC001362
iB_00246,TC001366
iB_00247,TC001374
iB_00248,TC001393
iB_00250,TC001418
iB_00251,TC001450
iB_00252,TC001458
iB_00253,TC001467
iB_00254,TC001472
iB_00254,TC035044
iB_00255,TC001474
iB_00256,TC001510
iB_00257,TC001525
iB_00258,TC001541
iB_00259,TC001555
iB_00260,TC001559
iB_00261,TC001563
iB_00262,TC001565
iB_00263,TC001569
iB_00264,TC001570
iB_00265,TC001572
iB_00266,TC001579
iB_00267,TC001594
iB_00268,TC001600
iB_00270,TC001606
iB_00271,TC001616
iB_00272,TC001622
iB_00273,TC001623
iB_00274,TC031483
iB_00275,TC001634
iB_00276,TC001643
iB_00277,TC001668
iB_00278,TC001670
iB_00279,TC001676
iB_00280,TC001682
iB_00281,TC031054
iB_00282,TC001697
iB_00283,TC001698
iB_00284,TC001709
iB_00285,TC001711
iB_00286,TC001713
iB_00287,TC001714
iB_00288,TC001715
iB_00289,TC001720
iB_00289,TC001739
iB_00290,TC001733
iB_00291,TC034534
iB_00292,TC001742
iB_00293,TC001744
iB_00295,TC001751
iB_00296,TC001752
iB_00297,TC001754
iB_00298,TC001756
iB_00299,TC001761
iB_00300,TC001765
iB_00301,TC034532
iB_00302,TC001770
iB_00303,TC001771
iB_00304,TC001775
iB_00305,TC034969
iB_00306,TC003833
iB_00306,TC004352
iB_00306,TC031763
iB_00306,TC031891
iB_00306,TC032968
iB_00308,TC001885
iB_00309,TC001889
iB_00310,TC001907
iB_00311,TC001922
iB_00312,TC034271
iB_00313,TC001933
iB_00314,TC034265
iB_00315,TC034270
iB_00316,TC034858
iB_00318,TC001964
iB_00319,TC001975
iB_00320,TC001979
iB_00321,TC030942
iB_00322,TC002003
iB_00323,TC002075
iB_00324,TC002082
iB_00325,TC002088
iB_00326,TC031642
iB_00326,TC031646
iB_00328,TC034617
iB_00329,TC002125
iB_00330,TC002126
iB_00331,TC002130
iB_00332,TC002132
iB_00333,TC002137
iB_00334,TC002141
iB_00335,TC002147
iB_00336,TC002149
iB_00337,TC002162
iB_00338,TC030942
iB_00340,TC002174
iB_00341,TC002177
iB_00342,TC002185
iB_00342,TC002192
iB_00343,TC031262
iB_00344,TC002193
iB_00345,TC002220
iB_00346,TC031127
iB_00347,TC031691
iB_00348,TC002265
iB_00349,TC031679
iB_00351,TC002293
iB_00352,TC002295
iB_00353,TC031688
iB_00354,TC002311
iB_00355,TC002325
iB_00355,TC031873
iB_00355,TC032951
iB_00356,TC002330
iB_00358,TC002346
iB_00359,TC031122
iB_00360,TC031758
iB_00361,TC002389
iB_00362,TC002390
iB_00363,TC002392
iB_00364,TC002398
iB_00365,TC002403
iB_00366,TC002407
iB_00367,TC032683
iB_00368,TC002415
iB_00369,TC002420
iB_00370,TC002425
iB_00371,TC002426
iB_00372,TC002432
iB_00373,TC002433
iB_00375,TC002441
iB_00376,TC002445
iB_00377,TC002446
iB_00378,TC002462
iB_00379,TC002463
iB_00380,TC002464
iB_00381,TC002467
iB_00382,TC002468
iB_00383,TC002471
iB_00384,TC002472
iB_00385,TC002476
iB_00387,TC002490
iB_00388,TC002493
iB_00389,TC002496
iB_00390,TC002501
iB_00391,TC002504
iB_00392,TC002506
iB_00393,TC002520
iB_00394,TC002522
iB_00396,TC002527
iB_00397,TC002529
iB_00398,TC002530
iB_00399,TC002540
iB_00400,TC002547
iB_00401,TC002553
iB_00402,TC002561
iB_00403,TC002569
iB_00404,TC002574
iB_00405,TC002588
iB_00406,TC002590
iB_00407,TC002591
iB_00407,TC004306
iB_00407,TC031170
iB_00407,TC031333
iB_00408,TC032572
iB_00409,TC002597
iB_00411,TC002601
iB_00412,TC002608
iB_00413,TC002610
iB_00414,TC002616
iB_00415,TC002624
iB_00416,TC002625
iB_00417,TC002629
iB_00418,TC002636
iB_00419,TC002647
iB_00421,TC002652
iB_00423,TC002669
iB_00424,TC002672
iB_00425,TC032506
iB_00426,TC002712
iB_00427,TC002717
iB_00428,TC002719
iB_00429,TC002722
iB_00430,TC031046
iB_00431,TC002732
iB_00432,TC032487
iB_00433,TC002747
iB_00434,TC002761
iB_00435,TC002762
iB_00436,TC034599
iB_00437,TC002767
iB_00438,TC002773
iB_00439,TC032479
iB_00440,TC034595
iB_00441,TC002784
iB_00442,TC002786
iB_00443,TC002789
iB_00444,TC002790
iB_00445,TC002791
iB_00446,TC002792
iB_00447,TC002805
iB_00448,TC002817
iB_00449,TC031036
iB_00450,TC002828
iB_00451,TC002832
iB_00455,TC002851
iB_00456,TC002852
iB_00457,TC002857
iB_00458,TC032418
iB_00459,TC002864
iB_00460,TC002875
iB_00461,TC002876
iB_00462,TC002881
iB_00463,TC002887
iB_00464,TC002894
iB_00465,TC002899
iB_00466,TC002911
iB_00467,TC002915
iB_00468,TC002919
iB_00469,TC002920
iB_00470,TC002924
iB_00471,TC002925
iB_00472,TC002933
iB_00473,TC002936
iB_00474,TC034585
iB_00475,TC002948
iB_00476,TC002951
iB_00477,TC002952
iB_00478,TC002954
iB_00479,TC002955
iB_00480,TC002956
iB_00481,TC002960
iB_00482,TC032392
iB_00483,TC002963
iB_00485,TC002966
iB_00486,TC002972
iB_00487,TC002976
iB_00488,TC002979
iB_00489,TC002983
iB_00490,TC002987
iB_00491,TC002988
iB_00492,TC032375
iB_00493,TC002991
iB_00494,TC002992
iB_00495,TC002993
iB_00496,TC002995
iB_00497,TC003004
iB_00498,TC003006
iB_00499,TC003007
iB_00500,TC003010
iB_00501,TC003016
iB_00502,TC032364
iB_00503,TC003020
iB_00504,TC003025
iB_00505,TC003029
iB_00506,TC003035
iB_00507,TC003063
iB_00508,TC003064
iB_00510,TC003070
iB_00511,TC003078
iB_00512,TC003079
iB_00513,TC003086
iB_00513,TC031027
iB_00514,TC003094
iB_00516,TC003103
iB_00517,TC032318
iB_00518,TC003116
iB_00519,TC003122
iB_00520,TC003123
iB_00521,TC003132
iB_00522,TC003143
iB_00523,TC003148
iB_00525,TC003159
iB_00526,TC003178
iB_00527,TC003180
iB_00528,TC032290
iB_00529,TC003201
iB_00530,TC003204
iB_00531,TC003207
iB_00532,TC003209
iB_00533,TC003211
iB_00534,TC003212
iB_00535,TC003213
iB_00536,TC003216
iB_00537,TC003217
iB_00538,TC032285
iB_00540,TC003250
iB_00541,TC032291
iB_00542,TC003257
iB_00543,TC032293
iB_00544,TC031020
iB_00545,TC003275
iB_00546,TC003280
iB_00547,TC003289
iB_00548,TC003290
iB_00549,TC031022
iB_00551,TC003310
iB_00552,TC003322
iB_00553,TC003324
iB_00555,TC003332
iB_00556,TC003334
iB_00557,TC003342
iB_00558,TC032324
iB_00559,TC003347
iB_00560,TC003367
iB_00561,TC003368
iB_00562,TC003375
iB_00563,TC003392
iB_00564,TC003400
iB_00565,TC003402
iB_00566,TC003408
iB_00567,TC003425
iB_00568,TC003435
iB_00569,TC003438
iB_00570,TC003446
iB_00571,TC003450
iB_00572,TC032380
iB_00573,TC003474
iB_00574,TC003486
iB_00575,TC003493
iB_00576,TC003499
iB_00577,TC003514
iB_00578,TC032404
iB_00579,TC003517
iB_00580,TC003524
iB_00581,TC034589
iB_00582,TC003539
iB_00583,TC003549
iB_00584,TC003553
iB_00585,TC003555
iB_00586,TC003567
iB_00587,TC003573
iB_00588,TC003602
iB_00589,TC032431
iB_00590,TC032438
iB_00591,TC003619
iB_00592,TC003620
iB_00593,TC032444
iB_00593,TC032445
iB_00594,TC003637
iB_00595,TC003641
iB_00596,TC003642
iB_00597,TC003648
iB_00598,TC003655
iB_00599,TC003656
iB_00600,TC003666
iB_00601,TC003669
iB_00602,TC003689
iB_00603,TC003706
iB_00604,TC003729
iB_00606,TC003747
iB_00607,TC003752
iB_00608,TC003754
iB_00610,TC003759
iB_00611,TC031050
iB_00612,TC031050
iB_00613,TC003783
iB_00614,TC003787
iB_00615,TC003797
iB_00616,TC003799
iB_00617,TC003800
iB_00618,TC003806
iB_00619,TC032563
iB_00620,TC003817
iB_00621,TC003818
iB_00622,TC003823
iB_00623,TC003826
iB_00625,TC003832
iB_00627,TC032573
iB_00628,TC003841
iB_00629,TC032574
iB_00630,TC002563
iB_00630,TC003855
iB_00631,TC003870
iB_00632,TC003895
iB_00633,TC003902
iB_00634,TC003905
iB_00635,TC003907
iB_00636,TC003911
iB_00638,TC003916
iB_00639,TC003922
iB_00640,TC032642
iB_00641,TC003942
iB_00642,TC032650
iB_00643,TC032654
iB_00644,TC003971
iB_00645,TC003976
iB_00646,TC003977
iB_00647,TC003986
iB_00648,TC032676
iB_00649,TC004000
iB_00650,TC004003
iB_00651,TC004004
iB_00652,TC004014
iB_00653,TC004015
iB_00654,TC004022
iB_00655,TC004029
iB_00656,TC004033
iB_00657,TC031216
iB_00658,TC031717
iB_00659,TC004080
iB_00661,TC004088
iB_00662,TC004103
iB_00662,TC004109
iB_00663,TC004117
iB_00664,TC004121
iB_00665,TC004133
iB_00666,TC004140
iB_00667,TC004143
iB_00668,TC004146
iB_00669,TC004151
iB_00670,TC004159
iB_00671,TC004218
iB_00672,TC004244
iB_00673,TC003525
iB_00673,TC004259
iB_00673,TC007250
iB_00673,TC007444
iB_00673,TC008515
iB_00673,TC030216
iB_00673,TC031081
iB_00673,TC032077
iB_00674,TC031922
iB_00675,TC004273
iB_00676,TC004293
iB_00677,TC004314
iB_00678,TC004317
iB_00679,TC004326
iB_00680,TC004356
iB_00681,TC004358
iB_00682,TC031316
iB_00683,TC004369
iB_00684,TC004372
iB_00685,TC004373
iB_00686,TC004378
iB_00687,TC004390
iB_00688,TC004391
iB_00689,TC004403
iB_00690,TC031063
iB_00691,TC004422
iB_00692,TC004426
iB_00693,TC032030
iB_00694,TC004429
iB_00694,TC004958
iB_00695,TC004434
iB_00696,TC004437
iB_00697,TC004438
iB_00700,TC004458
iB_00701,TC004460
iB_00702,TC004464
iB_00703,TC004466
iB_00704,TC004468
iB_00705,TC004472
iB_00706,TC004478
iB_00707,TC032012
iB_00708,TC004492
iB_00709,TC004497
iB_00710,TC004510
iB_00711,TC004511
iB_00712,TC004513
iB_00714,TC004532
iB_00715,TC004538
iB_00718,TC004545
iB_00719,TC004548
iB_00720,TC004551
iB_00721,TC004556
iB_00722,TC004566
iB_00723,TC034543
iB_00724,TC004574
iB_00725,TC004579
iB_00726,TC004581
iB_00727,TC004582
iB_00728,TC004585
iB_00729,TC004590
iB_00730,TC004597
iB_00731,TC004599
iB_00732,TC004603
iB_00733,TC004606
iB_00734,TC004609
iB_00735,TC034530
iB_00736,TC004615
iB_00737,TC004619
iB_00739,TC004631
iB_00740,TC004633
iB_00741,TC004634
iB_00742,TC004639
iB_00743,TC031518
iB_00744,TC031516
iB_00745,TC004656
iB_00746,TC004657
iB_00747,TC004661
iB_00750,TC004675
iB_00751,TC004676
iB_00752,TC004679
iB_00753,TC004683
iB_00754,TC031464
iB_00755,TC004703
iB_00756,TC004712
iB_00757,TC004648
iB_00757,TC004715
iB_00758,TC004716
iB_00759,TC004719
iB_00760,TC004732
iB_00761,TC004742
iB_00762,TC004751
iB_00762,TC004752
iB_00763,TC004773
iB_00764,TC004776
iB_00765,TC004781
iB_00766,TC004782
iB_00767,TC004791
iB_00769,TC004803
iB_00770,TC004817
iB_00771,TC004819
iB_00772,TC004823
iB_00772,TC031962
iB_00773,TC004827
iB_00774,TC004831
iB_00775,TC004838
iB_00776,TC004841
iB_00778,TC004854
iB_00779,TC004857
iB_00780,TC004868
iB_00781,TC004881
iB_00781,TC004882
iB_00782,TC004901
iB_00783,TC004918
iB_00784,TC032021
iB_00785,TC004928
iB_00786,TC004939
iB_00787,TC004942
iB_00788,TC004949
iB_00789,TC004950
iB_00791,TC004978
iB_00792,TC004983
iB_00793,TC004989
iB_00794,TC004992
iB_00795,TC031995
iB_00796,TC005012
iB_00797,TC005026
iB_00798,TC005039
iB_00799,TC005057
iB_00799,TC031088
iB_00800,TC005074
iB_00801,TC005079
iB_00801,TC032668
iB_00802,TC005088
iB_00803,TC033493
iB_00804,TC005099
iB_00806,TC030948
iB_00807,TC031795
iB_00808,TC005163
iB_00809,TC005166
iB_00810,TC005168
iB_00811,TC005174
iB_00812,TC005175
iB_00813,TC005178
iB_00814,TC005181
iB_00815,TC034281
iB_00816,TC005229
iB_00817,TC005232
iB_00818,TC005233
iB_00819,TC032006
iB_00820,TC005277
iB_00821,TC005303
iB_00822,TC005305
iB_00823,TC005308
iB_00824,TC005310
iB_00825,TC005313
iB_00826,TC005316
iB_00827,TC005319
iB_00828,TC005322
iB_00828,TC006807
iB_00829,TC034198
iB_00830,TC034193
iB_00831,TC005339
iB_00832,TC005345
iB_00833,TC034188
iB_00834,TC005357
iB_00835,TC005367
iB_00836,TC005369
iB_00837,TC005372
iB_00838,TC005375
iB_00841,TC005384
iB_00842,TC005385
iB_00843,TC005387
iB_00844,TC005388
iB_00845,TC005392
iB_00846,TC005399
iB_00847,TC034178
iB_00848,TC034176
iB_00849,TC005405
iB_00850,TC005406
iB_00851,TC005408
iB_00853,TC005420
iB_00854,TC005421
iB_00855,TC005423
iB_00856,TC005424
iB_00857,TC005426
iB_00858,TC005431
iB_00859,TC005445
iB_00860,TC005447
iB_00861,TC005459
iB_00862,TC005469
iB_00863,TC005471
iB_00864,TC005477
iB_00865,TC005480
iB_00867,TC005486
iB_00868,TC005493
iB_00869,TC005496
iB_00870,TC005505
iB_00871,TC031287
iB_00872,TC005515
iB_00873,TC005516
iB_00874,TC005517
iB_00875,TC005521
iB_00877,TC005532
iB_00880,TC005545
iB_00881,TC005546
iB_00883,TC005552
iB_00884,TC031285
iB_00885,TC005562
iB_00886,TC005565
iB_00887,TC005572
iB_00888,TC005576
iB_00889,TC005582
iB_00890,TC005583
iB_00891,TC005584
iB_00892,TC005585
iB_00893,TC031284
iB_00894,TC005593
iB_00895,TC005595
iB_00896,TC005596
iB_00899,TC005606
iB_00900,TC005612
iB_00901,TC005634
iB_00902,TC005644
iB_00903,TC005650
iB_00904,TC005658
iB_00905,TC005667
iB_00906,TC005672
iB_00907,TC005676
iB_00908,TC005682
iB_00909,TC005697
iB_00910,TC005702
iB_00911,TC005718
iB_00912,TC005722
iB_00913,TC005723
iB_00914,TC005725
iB_00915,TC005727
iB_00916,TC005736
iB_00917,TC005741
iB_00920,TC005757
iB_00921,TC005758
iB_00922,TC005764
iB_00923,TC005769
iB_00924,TC005770
iB_00925,TC034834
iB_00926,TC034053
iB_00927,TC005780
iB_00928,TC005782
iB_00929,TC005792
iB_00930,TC005794
iB_00931,TC005795
iB_00932,TC005801
iB_00934,TC005814
iB_00935,TC005815
iB_00936,TC005819
iB_00937,TC005820
iB_00938,TC005825
iB_00939,TC005830
iB_00940,TC005835
iB_00941,TC005837
iB_00942,TC005844
iB_00943,TC005845
iB_00944,TC005852
iB_00945,TC005855
iB_00946,TC005858
iB_00947,TC005861
iB_00948,TC005864
iB_00949,TC005867
iB_00950,TC005869
iB_00951,TC005877
iB_00952,TC005880
iB_00953,TC005889
iB_00954,TC005890
iB_00955,TC005894
iB_00956,TC005895
iB_00957,TC005900
iB_00958,TC005903
iB_00959,TC005910
iB_00960,TC005921
iB_00961,TC034001
iB_00963,TC005928
iB_00964,TC005930
iB_00965,TC005946
iB_00966,TC005949
iB_00967,TC005952
iB_00968,TC005961
iB_00969,TC033980
iB_00970,TC005981
iB_00971,TC005986
iB_00972,TC005987
iB_00973,TC033978
iB_00974,TC005994
iB_00975,TC006009
iB_00976,TC006014
iB_00976,TC006929
iB_00976,TC031910
iB_00976,TC033295
iB_00977,TC031270
iB_00978,TC006024
iB_00979,TC006025
iB_00980,TC006029
iB_00981,TC033958
iB_00982,TC006034
iB_00983,TC006037
iB_00984,TC006041
iB_00985,TC006047
iB_00986,TC006048
iB_00987,TC006052
iB_00988,TC006055
iB_00989,TC006058
iB_00990,TC006065
iB_00992,TC006094
iB_00993,TC006100
iB_00994,TC006102
iB_00995,TC006104
iB_00996,TC006108
iB_00997,TC006109
iB_00998,TC006114
iB_00999,TC006127
iB_01000,TC006138
iB_01001,TC006139
iB_01002,TC006147
iB_01003,TC006152
iB_01005,TC006160
iB_01006,TC006163
iB_01007,TC006180
iB_01008,TC006181
iB_01010,TC006189
iB_01011,TC006192
iB_01012,TC006198
iB_01013,TC006203
iB_01014,TC033993
iB_01015,TC006208
iB_01016,TC006214
iB_01017,TC006217
iB_01018,TC006219
iB_01019,TC006222
iB_01020,TC006232
iB_01021,TC006255
iB_01022,TC006256
iB_01023,TC006261
iB_01024,TC006271
iB_01025,TC006276
iB_01026,TC006281
iB_01027,TC034028
iB_01027,TC034029
iB_01027,TC034030
iB_01028,TC006301
iB_01029,TC006303
iB_01030,TC034036
iB_01031,TC006308
iB_01032,TC034041
iB_01033,TC006330
iB_01034,TC034046
iB_01035,TC006337
iB_01036,TC006352
iB_01037,TC006354
iB_01038,TC006355
iB_01039,TC006361
iB_01040,TC006370
iB_01041,TC006379
iB_01042,TC006388
iB_01044,TC006408
iB_01045,TC006410
iB_01047,TC006441
iB_01048,TC006445
iB_01049,TC034093
iB_01050,TC034094
iB_01051,TC006460
iB_01053,TC006474
iB_01054,TC006488
iB_01055,TC006490
iB_01057,TC006517
iB_01058,TC006530
iB_01059,TC034118
iB_01060,TC006553
iB_01061,TC006554
iB_01062,TC006555
iB_01063,TC006568
iB_01065,TC006611
iB_01066,TC034135
iB_01067,TC006614
iB_01068,TC006622
iB_01069,TC006624
iB_01070,TC006625
iB_01071,TC006628
iB_01072,TC006631
iB_01073,TC006652
iB_01074,TC034155
iB_01075,TC006662
iB_01076,TC034160
iB_01077,TC006673
iB_01078,TC006685
iB_01080,TC034167
iB_01081,TC006699
iB_01082,TC006700
iB_01083,TC006714
iB_01084,TC006730
iB_01085,TC006736
iB_01086,TC034177
iB_01087,TC006755
iB_01088,TC006758
iB_01089,TC006768
iB_01090,TC006769
iB_01091,TC006775
iB_01093,TC006779
iB_01094,TC034190
iB_01095,TC034941
iB_01096,TC006844
iB_01097,TC006846
iB_01098,TC006853
iB_01099,TC006901
iB_01100,TC004179
iB_01100,TC006905
iB_01100,TC015454
iB_01101,TC034995
iB_01103,TC034974
iB_01104,TC006985
iB_01105,TC006993
iB_01106,TC007006
iB_01107,TC007009
iB_01108,TC007010
iB_01109,TC007017
iB_01111,TC007027
iB_01112,TC032906
iB_01113,TC007034
iB_01114,TC007046
iB_01115,TC034674
iB_01116,TC007056
iB_01117,TC007060
iB_01118,TC032933
iB_01119,TC007068
iB_01120,TC032936
iB_01121,TC007074
iB_01123,TC007098
iB_01124,TC007101
iB_01125,TC007106
iB_01127,TC007124
iB_01128,TC007125
iB_01129,TC007135
iB_01130,TC007136
iB_01131,TC007146
iB_01132,TC007152
iB_01133,TC007155
iB_01134,TC008313
iB_01134,TC032882
iB_01135,TC007163
iB_01136,TC007176
iB_01137,TC007178
iB_01138,TC007182
iB_01139,TC007186
iB_01140,TC007189
iB_01141,TC007193
iB_01142,TC007199
iB_01143,TC007204
iB_01144,TC007205
iB_01145,TC007209
iB_01146,TC007210
iB_01147,TC007213
iB_01148,TC007214
iB_01149,TC007219
iB_01150,TC007221
iB_01151,TC007228
iB_01152,TC007229
iB_01156,TC007272
iB_01159,TC032839
iB_01160,TC007281
iB_01161,TC007295
iB_01162,TC007297
iB_01163,TC007304
iB_01164,TC007306
iB_01165,TC007315
iB_01166,TC007324
iB_01167,TC007336
iB_01168,TC007344
iB_01169,TC007349
iB_01171,TC007352
iB_01172,TC007358
iB_01173,TC007359
iB_01175,TC007364
iB_01178,TC007374
iB_01180,TC007403
iB_01181,TC007406
iB_01184,TC007422
iB_01185,TC007423
iB_01186,TC007431
iB_01187,TC007434
iB_01188,TC007435
iB_01189,TC007439
iB_01190,TC007443
iB_01192,TC007447
iB_01193,TC007450
iB_01193,TC008049
iB_01194,TC007452
iB_01195,TC007458
iB_01196,TC007466
iB_01197,TC007467
iB_01198,TC007470
iB_01199,TC032798
iB_01200,TC007479
iB_01201,TC007480
iB_01203,TC007497
iB_01204,TC007500
iB_01205,TC032792
iB_01206,TC007507
iB_01207,TC007510
iB_01208,TC007511
iB_01209,TC007515
iB_01210,TC032790
iB_01211,TC007521
iB_01212,TC007529
iB_01213,TC007530
iB_01214,TC007531
iB_01215,TC007535
iB_01216,TC007539
iB_01217,TC004090
iB_01217,TC006479
iB_01217,TC032776
iB_01217,TC034100
iB_01217,TC034674
iB_01218,TC007560
iB_01219,TC007561
iB_01220,TC007562
iB_01221,TC007565
iB_01222,TC031099
iB_01223,TC007572
iB_01224,TC007578
iB_01225,TC007586
iB_01226,TC007589
iB_01227,TC007593
iB_01228,TC007603
iB_01229,TC007619
iB_01230,TC007626
iB_01231,TC007628
iB_01233,TC007640
iB_01234,TC007643
iB_01235,TC007647
iB_01236,TC007650
iB_01237,TC007652
iB_01238,TC007665
iB_01240,TC007676
iB_01241,TC007679
iB_01242,TC007680
iB_01243,TC007683
iB_01244,TC007685
iB_01245,TC007689
iB_01246,TC007691
iB_01248,TC007700
iB_01249,TC007702
iB_01250,TC007703
iB_01251,TC031094
iB_01252,TC007717
iB_01253,TC007718
iB_01254,TC007733
iB_01256,TC007745
iB_01257,TC007749
iB_01258,TC007750
iB_01259,TC007759
iB_01261,TC007775
iB_01262,TC007776
iB_01263,TC007789
iB_01264,TC007790
iB_01266,TC007806
iB_01267,TC032738
iB_01268,TC007809
iB_01269,TC007805
iB_01269,TC007816
iB_01270,TC007831
iB_01271,TC007846
iB_01272,TC007849
iB_01273,TC007850
iB_01274,TC007858
iB_01276,TC007868
iB_01277,TC007869
iB_01278,TC007882
iB_01279,TC032761
iB_01280,TC007891
iB_01281,TC007896
iB_01282,TC007904
iB_01283,TC007911
iB_01284,TC007927
iB_01285,TC007929
iB_01286,TC007931
iB_01287,TC007936
iB_01288,TC007940
iB_01289,TC007948
iB_01290,TC007957
iB_01291,TC007958
iB_01292,TC007959
iB_01293,TC032786
iB_01294,TC007964
iB_01295,TC007969
iB_01296,TC007979
iB_01297,TC007982
iB_01298,TC007989
iB_01299,TC007993
iB_01300,TC007995
iB_01301,TC008005
iB_01302,TC008012
iB_01303,TC008019
iB_01305,TC032801
iB_01306,TC008043
iB_01307,TC008058
iB_01308,TC008077
iB_01309,TC008107
iB_01310,TC008118
iB_01311,TC008121
iB_01313,TC008172
iB_01314,TC031105
iB_01315,TC008186
iB_01316,TC008197
iB_01317,TC008201
iB_01318,TC008212
iB_01319,TC008216
iB_01320,TC008221
iB_01321,TC008223
iB_01324,TC008241
iB_01325,TC008242
iB_01326,TC008246
iB_01327,TC008247
iB_01328,TC008256
iB_01329,TC008271
iB_01330,TC008276
iB_01331,TC032873
iB_01334,TC008301
iB_01335,TC008308
iB_01336,TC008329
iB_01337,TC008338
iB_01338,TC008343
iB_01341,TC032897
iB_01342,TC008372
iB_01343,TC008390
iB_01344,TC032944
iB_01345,TC008403
iB_01346,TC008406
iB_01347,TC008407
iB_01349,TC008415
iB_01350,TC032940
iB_01351,TC008454
iB_01352,TC008465
iB_01353,TC008473
iB_01354,TC032912
iB_01355,TC008478
iB_01357,TC008484
iB_01359,TC008507
iB_01360,TC008511
iB_01361,TC008514
iB_01362,TC008530
iB_01364,TC031765
iB_01365,TC032355
iB_01366,TC008569
iB_01368,TC031216
iB_01369,TC008603
iB_01370,TC034816
iB_01371,TC008606
iB_01372,TC033883
iB_01373,TC008615
iB_01374,TC008616
iB_01375,TC008617
iB_01376,TC008638
iB_01377,TC008640
iB_01378,TC008644
iB_01379,TC008646
iB_01380,TC008649
iB_01381,TC008653
iB_01382,TC033856
iB_01383,TC008665
iB_01384,TC008666
iB_01385,TC008671
iB_01386,TC008673
iB_01387,TC008675
iB_01388,TC008684
iB_01389,TC008685
iB_01390,TC008686
iB_01391,TC008692
iB_01392,TC008697
iB_01393,TC008700
iB_01394,TC008704
iB_01395,TC033864
iB_01396,TC008712
iB_01397,TC008714
iB_01398,TC008717
iB_01400,TC033870
iB_01401,TC008726
iB_01403,TC008729
iB_01405,TC008742
iB_01406,TC008754
iB_01407,TC008755
iB_01408,TC008760
iB_01409,TC008761
iB_01412,TC008773
iB_01413,TC008777
iB_01414,TC008781
iB_01415,TC008785
iB_01416,TC008801
iB_01417,TC008802
iB_01418,TC008803
iB_01419,TC008807
iB_01420,TC008808
iB_01421,TC008821
iB_01422,TC008825
iB_01424,TC008833
iB_01425,TC008834
iB_01427,TC008849
iB_01428,TC008860
iB_01429,TC008869
iB_01430,TC008872
iB_01431,TC008874
iB_01432,TC008880
iB_01433,TC008895
iB_01433,TC009950
iB_01434,TC008899
iB_01435,TC008901
iB_01436,TC008917
iB_01437,TC008925
iB_01438,TC008927
iB_01439,TC008930
iB_01440,TC008936
iB_01441,TC033742
iB_01442,TC008952
iB_01443,TC008954
iB_01444,TC008955
iB_01445,TC008957
iB_01446,TC008961
iB_01447,TC008963
iB_01448,TC008970
iB_01449,TC008971
iB_01450,TC008973
iB_01451,TC008986
iB_01452,TC008992
iB_01453,TC008997
iB_01454,TC009001
iB_01456,TC009010
iB_01457,TC009011
iB_01458,TC009012
iB_01459,TC009023
iB_01460,TC009028
iB_01461,TC009035
iB_01462,TC009038
iB_01463,TC009042
iB_01464,TC009048
iB_01465,TC009052
iB_01466,TC009054
iB_01467,TC033679
iB_01468,TC009086
iB_01469,TC009090
iB_01470,TC009106
iB_01471,TC009108
iB_01472,TC009109
iB_01473,TC009111
iB_01474,TC009113
iB_01475,TC009114
iB_01476,TC009118
iB_01477,TC033631
iB_01478,TC009140
iB_01479,TC009145
iB_01480,TC031189
iB_01481,TC009157
iB_01482,TC009158
iB_01483,TC009159
iB_01484,TC009163
iB_01485,TC009166
iB_01486,TC009643
iB_01486,TC033596
iB_01487,TC009172
iB_01488,TC009174
iB_01490,TC009177
iB_01491,TC009182
iB_01492,TC009183
iB_01493,TC009191
iB_01494,TC009196
iB_01496,TC009203
iB_01497,TC009205
iB_01498,TC009207
iB_01499,TC009208
iB_01500,TC033580
iB_01501,TC009214
iB_01502,TC033581
iB_01503,TC034768
iB_01504,TC009220
iB_01505,TC033576
iB_01506,TC033576
iB_01507,TC034764
iB_01509,TC009232
iB_01511,TC009235
iB_01512,TC009236
iB_01513,TC009240
iB_01514,TC009245
iB_01515,TC009257
iB_01516,TC009259
iB_01517,TC009262
iB_01518,TC009268
iB_01519,TC009284
iB_01520,TC009286
iB_01521,TC033558
iB_01522,TC009289
iB_01523,TC009293
iB_01524,TC009299
iB_01526,TC009315
iB_01527,TC009321
iB_01528,TC009328
iB_01529,TC009331
iB_01530,TC009337
iB_01531,TC009342
iB_01532,TC009343
iB_01533,TC009347
iB_01534,TC009349
iB_01536,TC009354
iB_01537,TC033529
iB_01538,TC009362
iB_01539,TC009365
iB_01540,TC009371
iB_01541,TC009374
iB_01542,TC009381
iB_01543,TC009382
iB_01544,TC009389
iB_01546,TC009394
iB_01548,TC009426
iB_01549,TC009427
iB_01550,TC009430
iB_01551,TC009431
iB_01552,TC009438
iB_01553,TC009440
iB_01554,TC009441
iB_01555,TC009447
iB_01556,TC009450
iB_01557,TC009457
iB_01559,TC009462
iB_01560,TC009472
iB_01561,TC009486
iB_01562,TC009491
iB_01563,TC009494
iB_01564,TC009495
iB_01565,TC009502
iB_01566,TC009503
iB_01567,TC009506
iB_01568,TC009511
iB_01569,TC009514
iB_01570,TC009532
iB_01571,TC009538
iB_01572,TC009541
iB_01573,TC009546
iB_01574,TC009549
iB_01575,TC009550
iB_01576,TC009555
iB_01577,TC009557
iB_01578,TC009559
iB_01579,TC009561
iB_01580,TC009580
iB_01581,TC009584
iB_01582,TC034766
iB_01583,TC034769
iB_01584,TC009623
iB_01585,TC009626
iB_01586,TC009632
iB_01587,TC009633
iB_01588,TC033596
iB_01588,TC034772
iB_01589,TC009644
iB_01590,TC009645
iB_01591,TC009648
iB_01592,TC009651
iB_01594,TC009660
iB_01595,TC009661
iB_01598,TC009690
iB_01601,TC009725
iB_01602,TC009744
iB_01603,TC009746
iB_01605,TC009766
iB_01606,TC034790
iB_01607,TC009770
iB_01608,TC009773
iB_01609,TC009775
iB_01610,TC004254
iB_01610,TC009800
iB_01611,TC009802
iB_01612,TC009808
iB_01613,TC009813
iB_01614,TC009816
iB_01615,TC009820
iB_01617,TC009844
iB_01618,TC009846
iB_01620,TC033720
iB_01622,TC009874
iB_01624,TC009895
iB_01625,TC009901
iB_01626,TC008933
iB_01626,TC009907
iB_01627,TC009914
iB_01628,TC009916
iB_01633,TC009937
iB_01634,TC009954
iB_01634,TC031206
iB_01635,TC033768
iB_01636,TC009968
iB_01637,TC009975
iB_01638,TC009977
iB_01639,TC009984
iB_01640,TC010003
iB_01643,TC010029
iB_01644,TC034798
iB_01645,TC033816
iB_01646,TC033822
iB_01648,TC010098
iB_01649,TC010101
iB_01650,TC010109
iB_01651,TC010119
iB_01652,TC010123
iB_01653,TC010125
iB_01655,TC010160
iB_01656,TC033846
iB_01657,TC010194
iB_01658,TC010202
iB_01659,TC010231
iB_01660,TC010245
iB_01662,TC010260
iB_01663,TC010300
iB_01664,TC010306
iB_01665,TC010318
iB_01666,TC010322
iB_01668,TC010331
iB_01669,TC010336
iB_01671,TC032586
iB_01671,TC032587
iB_01672,TC010353
iB_01675,TC010367
iB_01677,TC010373
iB_01678,TC032596
iB_01679,TC010394
iB_01680,TC010395
iB_01681,TC010401
iB_01682,TC010405
iB_01683,TC010408
iB_01684,TC010410
iB_01685,TC010417
iB_01686,TC010419
iB_01687,TC010423
iB_01688,TC010426
iB_01689,TC010433
iB_01690,TC010434
iB_01691,TC010437
iB_01692,TC010442
iB_01693,TC010443
iB_01694,TC010450
iB_01695,TC010452
iB_01696,TC010453
iB_01697,TC033105
iB_01698,TC010476
iB_01699,TC010479
iB_01700,TC010485
iB_01701,TC010489
iB_01702,TC010491
iB_01703,TC010495
iB_01704,TC010519
iB_01705,TC010540
iB_01706,TC010545
iB_01707,TC032522
iB_01708,TC010548
iB_01709,TC010557
iB_01710,TC010563
iB_01711,TC030964
iB_01713,TC010588
iB_01714,TC010591
iB_01715,TC010593
iB_01716,TC010594
iB_01717,TC010609
iB_01718,TC010637
iB_01719,TC010640
iB_01720,TC010645
iB_01721,TC010647
iB_01722,TC010657
iB_01723,TC010659
iB_01723,TC010660
iB_01724,TC010709
iB_01725,TC010758
iB_01726,TC010759
iB_01727,TC010761
iB_01728,TC010766
iB_01729,TC010768
iB_01730,TC010772
iB_01731,TC010774
iB_01732,TC010778
iB_01733,TC010784
iB_01734,TC010796
iB_01735,TC010798
iB_01736,TC010804
iB_01737,TC010807
iB_01738,TC010817
iB_01739,TC010820
iB_01740,TC010825
iB_01741,TC010829
iB_01742,TC010831
iB_01743,TC010837
iB_01744,TC010839
iB_01745,TC010847
iB_01746,TC010849
iB_01747,TC010851
iB_01748,TC010852
iB_01749,TC010855
iB_01750,TC010858
iB_01751,TC010863
iB_01752,TC010864
iB_01753,TC010869
iB_01754,TC010870
iB_01755,TC010879
iB_01756,TC010885
iB_01757,TC010894
iB_01758,TC010901
iB_01759,TC010904
iB_01760,TC010910
iB_01761,TC010912
iB_01761,TC031132
iB_01762,TC010914
iB_01763,TC010917
iB_01764,TC010919
iB_01765,TC010934
iB_01766,TC010938
iB_01767,TC010947
iB_01768,TC010951
iB_01769,TC010959
iB_01770,TC010977
iB_01771,TC010990
iB_01772,TC010993
iB_01773,TC010997
iB_01775,TC011003
iB_01776,TC011012
iB_01777,TC031441
iB_01778,TC011022
iB_01781,TC011029
iB_01782,TC011031
iB_01783,TC031432
iB_01785,TC011038
iB_01786,TC011040
iB_01787,TC011043
iB_01788,TC011049
iB_01789,TC011050
iB_01790,TC011051
iB_01791,TC011052
iB_01792,TC011057
iB_01793,TC011058
iB_01794,TC011059
iB_01795,TC011064
iB_01796,TC011068
iB_01797,TC034906
iB_01798,TC011075
iB_01799,TC011081
iB_01800,TC011082
iB_01801,TC011087
iB_01802,TC011095
iB_01803,TC011100
iB_01804,TC011106
iB_01805,TC011114
iB_01806,TC031386
iB_01807,TC011120
iB_01808,TC011125
iB_01809,TC011128
iB_01810,TC031382
iB_01811,TC011135
iB_01811,TC011347
iB_01812,TC011142
iB_01813,TC011150
iB_01814,TC011159
iB_01815,TC011160
iB_01816,TC011165
iB_01817,TC011171
iB_01818,TC011176
iB_01819,TC011177
iB_01820,TC011182
iB_01821,TC011185
iB_01822,TC034615
iB_01823,TC011200
iB_01824,TC011204
iB_01825,TC011205
iB_01826,TC011208
iB_01827,TC011211
iB_01829,TC011240
iB_01830,TC031326
iB_01831,TC011249
iB_01832,TC011254
iB_01833,TC011256
iB_01834,TC011260
iB_01835,TC011262
iB_01836,TC011281
iB_01837,TC011295
iB_01838,TC031362
iB_01839,TC031364
iB_01840,TC011321
iB_01841,TC011326
iB_01842,TC011343
iB_01843,TC011344
iB_01844,TC011357
iB_01845,TC011384
iB_01846,TC011388
iB_01847,TC011390
iB_01848,TC031398
iB_01849,TC011405
iB_01850,TC011428
iB_01851,TC011433
iB_01852,TC011468
iB_01853,TC011472
iB_01855,TC011507
iB_01856,TC011508
iB_01857,TC031473
iB_01858,TC011518
iB_01859,TC011519
iB_01860,TC011522
iB_01861,TC011527
iB_01862,TC011529
iB_01863,TC011535
iB_01864,TC011549
iB_01865,TC011552
iB_01865,TC032346
iB_01865,TC034582
iB_01866,TC011560
iB_01867,TC011601
iB_01868,TC031254
iB_01871,TC011641
iB_01872,TC011645
iB_01873,TC011654
iB_01874,TC011666
iB_01875,TC011687
iB_01876,TC011695
iB_01877,TC011703
iB_01879,TC011708
iB_01880,TC011710
iB_01881,TC011712
iB_01881,TC012778
iB_01882,TC011717
iB_01883,TC011718
iB_01884,TC011725
iB_01885,TC011730
iB_01885,TC012754
iB_01886,TC011751
iB_01887,TC034439
iB_01888,TC011795
iB_01889,TC011801
iB_01890,TC011808
iB_01891,TC011816
iB_01892,TC011820
iB_01893,TC011829
iB_01894,TC034426
iB_01895,TC034423
iB_01896,TC011857
iB_01897,TC011866
iB_01898,TC034414
iB_01899,TC011877
iB_01900,TC011889
iB_01901,TC011895
iB_01902,TC011911
iB_01903,TC011920
iB_01905,TC031246
iB_01906,TC011939
iB_01907,TC011942
iB_01908,TC011953
iB_01909,TC031243
iB_01910,TC011969
iB_01911,TC011980
iB_01912,TC011982
iB_01913,TC011991
iB_01914,TC034357
iB_01915,TC034874
iB_01916,TC034347
iB_01918,TC012028
iB_01919,TC031237
iB_01920,TC012034
iB_01921,TC012053
iB_01922,TC012058
iB_01923,TC034323
iB_01924,TC031235
iB_01925,TC012071
iB_01926,TC012073
iB_01928,TC034315
iB_01929,TC012120
iB_01930,TC012126
iB_01931,TC012134
iB_01932,TC012153
iB_01933,TC012154
iB_01934,TC031229
iB_01935,TC012161
iB_01936,TC012167
iB_01937,TC012168
iB_01938,TC012169
iB_01939,TC012176
iB_01940,TC012177
iB_01941,TC012178
iB_01942,TC012184
iB_01943,TC012185
iB_01944,TC012191
iB_01945,TC012192
iB_01946,TC012193
iB_01947,TC012207
iB_01948,TC012209
iB_01949,TC034228
iB_01950,TC012218
iB_01951,TC012219
iB_01951,TC034855
iB_01952,TC012222
iB_01957,TC012251
iB_01958,TC032528
iB_01959,TC012271
iB_01960,TC012280
iB_01961,TC034242
iB_01962,TC012290
iB_01963,TC012298
iB_01964,TC012299
iB_01965,TC012303
iB_01966,TC012323
iB_01966,TC034854
iB_01967,TC012342
iB_01968,TC034303
iB_01969,TC034308
iB_01970,TC012364
iB_01972,TC012373
iB_01973,TC012376
iB_01974,TC034313
iB_01975,TC012387
iB_01976,TC012406
iB_01977,TC034332
iB_01978,TC012434
iB_01979,TC031236
iB_01980,TC012453
iB_01981,TC012458
iB_01982,TC012466
iB_01983,TC012481
iB_01983,TC034875
iB_01985,TC012512
iB_01986,TC031245
iB_01987,TC012519
iB_01988,TC012540
iB_02017,TC034448
iB_02024,TC012869
iB_02043,TC013032
iB_02051,TC031159
iB_02058,TC013074
iB_02083,TC013187
iB_02113,TC013340
iB_02114,TC013341
iB_02120,TC013369
iB_02140,TC013477
iB_02148,TC013506
iB_02155,TC013546
iB_02156,TC013550
iB_02158,TC013565
iB_02161,TC013571
iB_02180,TC013668
iB_02183,TC013683
iB_02184,TC013686
iB_02185,TC013690
iB_02186,TC013692
iB_02187,TC013697
iB_02188,TC013701
iB_02189,TC013707
iB_02190,TC013709
iB_02192,TC013719
iB_02193,TC013727
iB_02193,TC014070
iB_02194,TC013737
iB_02195,TC013738
iB_02196,TC013743
iB_02197,TC013747
iB_02198,TC013754
iB_02199,TC013758
iB_02200,TC013765
iB_02201,TC034685
iB_02202,TC013767
iB_02203,TC013780
iB_02204,TC013782
iB_02205,TC013784
iB_02206,TC013791
iB_02207,TC033042
iB_02208,TC013799
iB_02209,TC013803
iB_02210,TC013805
iB_02211,TC013835
iB_02212,TC013861
iB_02213,TC013862
iB_02214,TC013875
iB_02215,TC013876
iB_02216,TC013877
iB_02217,TC013878
iB_02218,TC013882
iB_02219,TC013884
iB_02220,TC013891
iB_02221,TC013893
iB_02222,TC013894
iB_02223,TC013895
iB_02224,TC013905
iB_02225,TC013907
iB_02226,TC013911
iB_02227,TC013923
iB_02228,TC013924
iB_02229,TC013927
iB_02230,TC013946
iB_02231,TC033028
iB_02232,TC013838
iB_02232,TC013971
iB_02233,TC013984
iB_02234,TC013993
iB_02235,TC014008
iB_02236,TC033049
iB_02237,TC014023
iB_02238,TC014026
iB_02239,TC014039
iB_02240,TC014055
iB_02241,TC034689
iB_02242,TC014078
iB_02243,TC014082
iB_02244,TC014092
iB_02245,TC014095
iB_02246,TC014097
iB_02247,TC014100
iB_02248,TC014101
iB_02249,TC014113
iB_02250,TC014119
iB_02251,TC014124
iB_02252,TC014125
iB_02253,TC014127
iB_02254,TC014143
iB_02255,TC014163
iB_02256,TC014168
iB_02257,TC014179
iB_02258,TC014202
iB_02259,TC014203
iB_02260,TC014207
iB_02261,TC014220
iB_02262,TC014225
iB_02263,TC014228
iB_02264,TC014246
iB_02265,TC014250
iB_02266,TC014266
iB_02267,TC014272
iB_02268,TC014275
iB_02269,TC014277
iB_02270,TC033115
iB_02271,TC014288
iB_02272,TC014291
iB_02273,TC014292
iB_02274,TC014317
iB_02275,TC014335
iB_02276,TC013452
iB_02276,TC014338
iB_02278,TC014350
iB_02279,TC014368
iB_02280,TC014376
iB_02281,TC014378
iB_02282,TC014386
iB_02283,TC014389
iB_02284,TC014403
iB_02286,TC014441
iB_02287,TC014453
iB_02288,TC014465
iB_02289,TC014471
iB_02290,TC014478
iB_02291,TC014483
iB_02292,TC014494
iB_02293,TC014505
iB_02294,TC014506
iB_02295,TC034783
iB_02296,TC014514
iB_02297,TC014520
iB_02298,TC014536
iB_02299,TC014539
iB_02300,TC014543
iB_02301,TC014544
iB_02302,TC014559
iB_02304,TC014580
iB_02305,TC033195
iB_02306,TC034702
iB_02307,TC014596
iB_02308,TC014601
iB_02309,TC014602
iB_02310,TC014606
iB_02311,TC014607
iB_02312,TC014613
iB_02313,TC014621
iB_02314,TC034705
iB_02315,TC014633
iB_02316,TC014635
iB_02317,TC014637
iB_02319,TC033211
iB_02320,TC014663
iB_02321,TC014672
iB_02323,TC014693
iB_02324,TC014700
iB_02325,TC014704
iB_02326,TC014708
iB_02327,TC014710
iB_02328,TC014715
iB_02329,TC033247
iB_02330,TC014752
iB_02331,TC014767
iB_02332,TC031161
iB_02333,TC014784
iB_02334,TC014798
iB_02335,TC014809
iB_02336,TC014815
iB_02337,TC014821
iB_02338,TC014835
iB_02339,TC014857
iB_02340,TC014861
iB_02341,TC034748
iB_02342,TC014879
iB_02343,TC014882
iB_02344,TC014893
iB_02345,TC014900
iB_02346,TC014903
iB_02347,TC014904
iB_02348,TC014909
iB_02349,TC014910
iB_02350,TC014911
iB_02351,TC014917
iB_02352,TC033447
iB_02353,TC033445
iB_02354,TC014929
iB_02355,TC033444
iB_02356,TC014936
iB_02357,TC014940
iB_02357,TC015766
iB_02358,TC014942
iB_02359,TC033435
iB_02360,TC014950
iB_02361,TC014951
iB_02362,TC014952
iB_02363,TC014953
iB_02364,TC014954
iB_02365,TC014957
iB_02366,TC014966
iB_02367,TC014967
iB_02368,TC014971
iB_02369,TC014980
iB_02370,TC014984
iB_02371,TC014986
iB_02372,TC014987
iB_02374,TC014998
iB_02375,TC033419
iB_02376,TC033421
iB_02377,TC015014
iB_02378,TC015022
iB_02379,TC015024
iB_02380,TC015036
iB_02381,TC015040
iB_02382,TC033415
iB_02383,TC015050
iB_02384,TC015051
iB_02385,TC015052
iB_02386,TC015054
iB_02387,TC015057
iB_02388,TC015060
iB_02389,TC015063
iB_02390,TC015066
iB_02391,TC015068
iB_02392,TC015070
iB_02393,TC015071
iB_02394,TC033410
iB_02395,TC015079
iB_02396,TC015080
iB_02397,TC015082
iB_02398,TC015091
iB_02399,TC015093
iB_02400,TC015094
iB_02401,TC015095
iB_02402,TC015096
iB_02403,TC015099
iB_02404,TC015100
iB_02405,TC015102
iB_02406,TC015110
iB_02407,TC015114
iB_02408,TC034734
iB_02409,TC015124
iB_02410,TC015130
iB_02411,TC015134
iB_02412,TC015135
iB_02413,TC015141
iB_02414,TC034732
iB_02415,TC015161
iB_02416,TC015165
iB_02417,TC015168
iB_02418,TC015170
iB_02419,TC015175
iB_02420,TC015179
iB_02421,TC015182
iB_02422,TC015184
iB_02423,TC015188
iB_02424,TC015189
iB_02425,TC015191
iB_02426,TC015194
iB_02427,TC015199
iB_02428,TC015203
iB_02429,TC015211
iB_02430,TC034722
iB_02431,TC015217
iB_02432,TC015218
iB_02433,TC015220
iB_02434,TC015222
iB_02435,TC015224
iB_02436,TC015229
iB_02437,TC015230
iB_02438,TC015240
iB_02439,TC015245
iB_02441,TC015256
iB_02442,TC015257
iB_02443,TC033339
iB_02444,TC030896
iB_02445,TC015284
iB_02446,TC033333
iB_02447,TC015301
iB_02448,TC015310
iB_02449,TC033317
iB_02450,TC015313
iB_02451,TC015315
iB_02452,TC015316
iB_02453,TC015317
iB_02454,TC015318
iB_02455,TC015320
iB_02456,TC015321
iB_02457,TC015322
iB_02458,TC015323
iB_02459,TC015324
iB_02460,TC015325
iB_02462,TC015333
iB_02463,TC033309
iB_02464,TC015337
iB_02465,TC015341
iB_02466,TC015344
iB_02467,TC015347
iB_02468,TC033299
iB_02469,TC015365
iB_02471,TC015379
iB_02472,TC015386
iB_02473,TC015403
iB_02476,TC015430
iB_02477,TC033326
iB_02479,TC034842
iB_02480,TC015453
iB_02481,TC004179
iB_02481,TC006905
iB_02481,TC015454
iB_02482,TC015462
iB_02483,TC015467
iB_02484,TC015510
iB_02485,TC015513
iB_02486,TC015524
iB_02487,TC015533
iB_02490,TC015557
iB_02491,TC015566
iB_02492,TC015567
iB_02493,TC034734
iB_02495,TC015584
iB_02496,TC015591
iB_02497,TC015594
iB_02498,TC015622
iB_02499,TC015632
iB_02500,TC033413
iB_02501,TC015651
iB_02502,TC015659
iB_02503,TC015663
iB_02504,TC015670
iB_02505,TC015675
iB_02507,TC015702
iB_02508,TC015723
iB_02509,TC015727
iB_02510,TC015740
iB_02512,TC015781
iB_02513,TC015785
iB_02514,TC015801
iB_02515,TC014906
iB_02515,TC015810
iB_02516,TC015811
iB_02517,TC030914
iB_02518,TC015819
iB_02519,TC015823
iB_02520,TC015835
iB_02521,TC015842
iB_02523,TC015891
iB_02524,TC015893
iB_02524,TC015956
iB_02525,TC033609
iB_02526,TC015912
iB_02527,TC015913
iB_02529,TC034777
iB_02530,TC015923
iB_02531,TC015935
iB_02533,TC015947
iB_02534,TC015948
iB_02535,TC015952
iB_02536,TC015893
iB_02536,TC015956
iB_02537,TC015970
iB_02539,TC015979
iB_02540,TC015981
iB_02541,TC015986
iB_02542,TC015993
iB_02543,TC006906
iB_02543,TC016000
iB_02543,TC034750
iB_02543,TC035005
iB_02543,TC035038
iB_02544,TC016005
iB_02545,TC016037
iB_02546,TC016041
iB_02547,TC016055
iB_02548,TC031492
iB_02550,TC031338
iB_02551,TC016110
iB_02552,TC033913
iB_02553,TC031972
iB_02554,TC016197
iB_02555,TC016198
iB_02556,TC031430
iB_02557,TC016216
iB_02558,TC031427
iB_02560,TC016224
iB_02561,TC016226
iB_02563,TC030950
iB_02564,TC016259
iB_02565,TC016274
iB_02567,TC016287
iB_02570,TC016306
iB_02571,TC016315
iB_02572,TC016318
iB_02573,TC016323
iB_02574,TC000998
iB_02574,TC016331
iB_02575,TC016332
iB_02576,TC016333
iB_02576,TC034253
iB_02577,TC016344
iB_02578,TC016349
iB_02579,TC016350
iB_02580,TC016358
iB_02581,TC016367
iB_02582,TC016377
iB_02583,TC016401
iB_02584,TC030051
iB_02585,TC032126
iB_02586,TC031004
iB_02587,TC030076
iB_02588,TC034740
iB_02589,TC030574
iB_02590,TC030576
iB_02591,TC030577
iB_02592,TC030578
iB_02593,TC030579
iB_02594,TC032117
iB_02595,TC030607
iB_02596,TC030613
iB_02598,TC030618
iB_02599,TC030621
iB_02600,TC030624
iB_02601,TC030625
iB_02602,TC030629
iB_02603,TC030632
iB_02604,TC030636
iB_02605,TC033813
iB_02606,TC030605
iB_02606,TC030638
iB_02607,TC030640
iB_02608,TC030641
iB_02609,TC030649
iB_02610,TC030659
iB_02611,TC030666
iB_02612,TC030667
iB_02613,TC030686
iB_02614,TC030696
iB_02615,TC032828
iB_02616,TC030712
iB_02617,TC030714
iB_02618,TC030725
iB_02619,TC033077
iB_02620,TC030739
iB_02621,TC030755
iB_02622,TC030766
iB_02623,TC030769
iB_02624,TC030782
iB_02625,TC011255
iB_02626,TC031339
iB_02627,TC011288
iB_02628,TC034900
iB_02629,TC011294
iB_02630,TC011317
iB_02631,TC031367
iB_02632,TC031376
iB_02633,TC031391
iB_02634,TC011374
iB_02635,TC031397
iB_02636,TC011073
iB_02636,TC031402
iB_02637,TC011069
iB_02638,TC016227
iB_02638,TC031420
iB_02639,TC016231
iB_02640,TC031414
iB_02641,TC004396
iB_02642,TC000773
iB_02643,TC000797
iB_02644,TC034549
iB_02645,TC000808
iB_02646,TC030619
iB_02647,TC000819
iB_02648,TC032067
iB_02649,TC030989
iB_02650,TC000916
iB_02652,TC000603
iB_02653,TC000998
iB_02654,TC000549
iB_02655,TC001035
iB_02656,TC032147
iB_02657,TC032160
iB_02658,TC032169
iB_02659,TC000451
iB_02660,TC034561
iB_02661,TC001126
iB_02662,TC032177
iB_02663,TC032178
iB_02664,TC032184
iB_02665,TC032190
iB_02666,TC032197
iB_02668,TC032201
iB_02670,TC001278
iB_02671,TC001293
iB_02672,TC001297
iB_02673,TC032251
iB_02674,TC001370
iB_02675,TC001371
iB_02676,TC004531
iB_02677,TC004820
iB_02678,TC005228
iB_02679,TC032013
iB_02680,TC032014
iB_02681,TC032287
iB_02682,TC003186
iB_02683,TC003272
iB_02684,TC032298
iB_02685,TC003283
iB_02687,TC003141
iB_02688,TC032313
iB_02689,TC003327
iB_02690,TC003349
iB_02691,TC032335
iB_02692,TC003063
iB_02693,TC001571
iB_02694,TC003398
iB_02695,TC003405
iB_02696,TC003424
iB_02697,TC032378
iB_02698,TC032383
iB_02699,TC003582
iB_02700,TC002855
iB_02701,TC030754
iB_02702,TC003645
iB_02703,TC034503
iB_02704,TC000100
iB_02705,TC000107
iB_02706,TC000112
iB_02707,TC031042
iB_02708,TC000052
iB_02709,TC034596
iB_02711,TC003651
iB_02712,TC002741
iB_02713,TC002738
iB_02715,TC003698
iB_02716,TC031046
iB_02717,TC003717
iB_02718,TC010522
iB_02719,TC010518
iB_02721,TC002673
iB_02722,TC032539
iB_02724,TC034619
iB_02725,TC003819
iB_02726,TC002610
iB_02727,TC002610
iB_02728,TC003821
iB_02730,TC032586
iB_02731,TC034626
iB_02732,TC032612
iB_02733,TC031067
iB_02734,TC032628
iB_02735,TC003900
iB_02736,TC002492
iB_02737,TC032637
iB_02738,TC031068
iB_02739,TC032639
iB_02740,TC032649
iB_02741,TC032654
iB_02742,TC003964
iB_02743,TC003968
iB_02744,TC002447
iB_02745,TC032667
iB_02746,TC032714
iB_02747,TC007760
iB_02748,TC007714
iB_02749,TC032726
iB_02750,TC007804
iB_02751,TC007822
iB_02752,TC007824
iB_02753,TC007672
iB_02754,TC032748
iB_02755,TC007870
iB_02756,TC007612
iB_02757,TC007923
iB_02758,TC007934
iB_02759,TC007563
iB_02760,TC032783
iB_02761,TC008064
iB_02762,TC007420
iB_02763,TC008086
iB_02764,TC007357
iB_02765,TC008190
iB_02766,TC008206
iB_02767,TC007263
iB_02768,TC032845
iB_02769,TC008243
iB_02770,TC007231
iB_02771,TC008263
iB_02772,TC007191
iB_02773,TC032878
iB_02774,TC008303
iB_02775,TC007154
iB_02776,TC008381
iB_02777,TC032913
iB_02778,TC008472
iB_02779,TC008485
iB_02780,TC007015
iB_02781,TC031117
iB_02782,TC032996
iB_02783,TC031135
iB_02784,TC010933
iB_02785,TC013839
iB_02786,TC033035
iB_02787,TC033036
iB_02788,TC013746
iB_02790,TC014142
iB_02791,TC010470
iB_02792,TC014270
iB_02793,TC033113
iB_02794,TC013520
iB_02795,TC033120
iB_02796,TC014300
iB_02797,TC031145
iB_02798,TC014363
iB_02799,TC014371
iB_02800,TC014419
iB_02801,TC013350
iB_02802,TC014488
iB_02803,TC033175
iB_02804,TC033183
iB_02805,TC013257
iB_02805,TC033186
iB_02806,TC013252
iB_02807,TC014703
iB_02808,TC033251
iB_02809,TC030698
iB_02810,TC015359
iB_02811,TC033321
iB_02812,TC030628
iB_02813,TC033331
iB_02814,TC011477
iB_02814,TC033344
iB_02815,TC015613
iB_02816,TC015081
iB_02817,TC015081
iB_02818,TC015628
iB_02819,TC034738
iB_02820,TC015037
iB_02821,TC015033
iB_02822,TC015680
iB_02823,TC014995
iB_02824,TC015747
iB_02825,TC014935
iB_02826,TC033441
iB_02827,TC015779
iB_02828,TC033516
iB_02829,TC033519
iB_02830,TC033525
iB_02831,TC009499
iB_02832,TC009536
iB_02833,TC033574
iB_02834,TC009598
iB_02835,TC033589
iB_02836,TC033588
iB_02837,TC009608
iB_02838,TC015925
iB_02839,TC033611
iB_02840,TC015931
iB_02842,TC033636
iB_02843,TC030654
iB_02844,TC033646
iB_02845,TC033649
iB_02846,TC034784
iB_02847,TC033665
iB_02848,TC009740
iB_02849,TC009743
iB_02850,TC033681
iB_02851,TC033683
iB_02852,TC033685
iB_02853,TC009757
iB_02854,TC009801
iB_02855,TC033699
iB_02856,TC009822
iB_02857,TC009013
iB_02858,TC009848
iB_02859,TC009861
iB_02860,TC008956
iB_02861,TC009888
iB_02862,TC033746
iB_02863,TC033770
iB_02864,TC031208
iB_02865,TC033790
iB_02866,TC010013
iB_02867,TC033798
iB_02869,TC033818
iB_02870,TC035051
iB_02871,TC033827
iB_02872,TC033865
iB_02873,TC008709
iB_02874,TC010119
iB_02875,TC033858
iB_02876,TC033884
iB_02877,TC010210
iB_02878,TC010211
iB_02879,TC006640
iB_02880,TC005447
iB_02881,TC006704
iB_02882,TC031291
iB_02882,TC034175
iB_02883,TC005373
iB_02884,TC034185
iB_02885,TC034187
iB_02886,TC006787
iB_02887,TC031292
iB_02888,TC034195
iB_02889,TC002221
iB_02890,TC033954
iB_02891,TC006019
iB_02892,TC033963
iB_02893,TC006162
iB_02894,TC033987
iB_02895,TC006213
iB_02896,TC030608
iB_02897,TC005832
iB_02898,TC006336
iB_02899,TC034047
iB_02900,TC034060
iB_02901,TC005740
iB_02902,TC006386
iB_02903,TC005686
iB_02904,TC034083
iB_02905,TC005661
iB_02906,TC006465
iB_02908,TC031844
iB_02908,TC034225
iB_02909,TC001943
iB_02910,TC034279
iB_02911,TC034287
iB_02912,TC030680
iB_02913,TC012367
iB_02914,TC012368
iB_02915,TC012390
iB_02916,TC012408
iB_02917,TC034329
iB_02918,TC012433
iB_02919,TC012450
iB_02920,TC034340
iB_02921,TC012455
iB_02922,TC010651
iB_02923,TC010681
iB_02924,TC011996
iB_02925,TC012542
iB_02926,TC012551
iB_02927,TC034409
iB_02928,TC011868
iB_02929,TC012652
iB_02930,TC034431
iB_02931,TC031247
iB_02932,TC011794
iB_02933,TC012712
iB_02934,TC012717
iB_02935,TC012751
iB_02936,TC012805
iB_02937,TC012811
iB_02938,TC012818
iB_02939,TC012830
iB_02940,TC012837
iB_02941,TC011608
iB_02942,TC001639
iB_02943,TC004153
iB_02944,TC014204
iB_02945,TC013586
iB_02946,TC004717
iB_02947,TC004640
iB_02948,TC030644
iB_02949,TC010842
iB_02950,TC010799
iB_02951,TC011540
iB_02952,TC030889
iB_02953,TC004775
iB_02954,TC030888
iB_02955,TC004785
iB_02956,TC004800
iB_02957,TC001759
iB_02958,TC001767
iB_02959,TC031479
iB_02960,TC000013
iB_02960,TC032688
iB_02961,TC000020
iB_02962,TC034609
iB_02963,TC000026
iB_02964,TC000027
iB_02965,TC000028
iB_02966,TC000030
iB_02967,TC000039
iB_02968,TC000045
iB_02969,TC000050
iB_02970,TC000068
iB_02971,TC000071
iB_02971,TC000073
iB_02971,TC000103
iB_02971,TC031587
iB_02971,TC032775
iB_02971,TC032776
iB_02972,TC000086
iB_02973,TC000090
iB_02974,TC000097
iB_02975,TC000102
iB_02976,TC000111
iB_02977,TC000113
iB_02978,TC000117
iB_02979,TC000119
iB_02980,TC000121
iB_02981,TC000124
iB_02982,TC000138
iB_02983,TC000147
iB_02984,TC000148
iB_02985,TC000150
iB_02986,TC000152
iB_02987,TC000164
iB_02988,TC000174
iB_02989,TC000177
iB_02991,TC000187
iB_02992,TC032258
iB_02993,TC032257
iB_02994,TC000225
iB_02995,TC000230
iB_02997,TC000237
iB_02998,TC000244
iB_02999,TC032249
iB_03000,TC032245
iB_03001,TC032245
iB_03002,TC000269
iB_03003,TC000274
iB_03004,TC000278
iB_03005,TC034564
iB_03006,TC000325
iB_03007,TC000328
iB_03008,TC032218
iB_03009,TC032215
iB_03010,TC000356
iB_03011,TC000361
iB_03012,TC032203
iB_03013,TC000377
iB_03014,TC000395
iB_03015,TC000396
iB_03016,TC000399
iB_03017,TC000403
iB_03018,TC000408
iB_03019,TC031001
iB_03020,TC000424
iB_03021,TC000440
iB_03022,TC000446
iB_03023,TC000450
iB_03024,TC000456
iB_03025,TC000457
iB_03027,TC000478
iB_03028,TC000482
iB_03029,TC000483
iB_03030,TC030999
iB_03031,TC000494
iB_03032,TC000502
iB_03033,TC000505
iB_03034,TC000508
iB_03035,TC030996
iB_03036,TC000541
iB_03037,TC000543
iB_03038,TC000546
iB_03039,TC000551
iB_03040,TC000555
iB_03042,TC000565
iB_03043,TC000575
iB_03044,TC000582
iB_03045,TC000584
iB_03046,TC000586
iB_03047,TC000587
iB_03048,TC000588
iB_03049,TC000589
iB_03050,TC000596
iB_03051,TC000609
iB_03052,TC000611
iB_03053,TC000625
iB_03054,TC000627
iB_03055,TC032118
iB_03056,TC000635
iB_03057,TC000664
iB_03058,TC000669
iB_03059,TC000673
iB_03060,TC000676
iB_03061,TC000681
iB_03062,TC000699
iB_03063,TC000711
iB_03064,TC030991
iB_03065,TC032073
iB_03066,TC000733
iB_03067,TC000734
iB_03068,TC032066
iB_03069,TC032065
iB_03072,TC000747
iB_03073,TC000750
iB_03074,TC032054
iB_03076,TC000784
iB_03077,TC000792
iB_03078,TC032040
iB_03079,TC000803
iB_03080,TC000810
iB_03081,TC000811
iB_03082,TC000817
iB_03083,TC000827
iB_03084,TC000829
iB_03085,TC000830
iB_03086,TC000832
iB_03087,TC000836
iB_03088,TC000837
iB_03089,TC000849
iB_03091,TC000859
iB_03092,TC000863
iB_03093,TC032089
iB_03094,TC000868
iB_03095,TC000870
iB_03096,TC000872
iB_03097,TC000877
iB_03098,TC032097
iB_03099,TC000889
iB_03102,TC000912
iB_03103,TC000920
iB_03104,TC000921
iB_03105,TC000925
iB_03106,TC000926
iB_03107,TC000945
iB_03108,TC000948
iB_03109,TC000954
iB_03110,TC000965
iB_03111,TC000977
iB_03112,TC000979
iB_03113,TC000980
iB_03114,TC000981
iB_03115,TC032129
iB_03116,TC000995
iB_03117,TC000997
iB_03118,TC001010
iB_03119,TC001014
iB_03120,TC001018
iB_03121,TC001023
iB_03122,TC001026
iB_03123,TC001038
iB_03124,TC001043
iB_03125,TC030997
iB_03126,TC001053
iB_03127,TC032152
iB_03127,TC032154
iB_03128,TC000513
iB_03128,TC032156
iB_03128,TC032157
iB_03129,TC001064
iB_03130,TC032158
iB_03131,TC001075
iB_03132,TC030998
iB_03133,TC030998
iB_03134,TC001086
iB_03135,TC001089
iB_03136,TC001105
iB_03137,TC001106
iB_03138,TC001109
iB_03139,TC001115
iB_03140,TC001120
iB_03141,TC001121
iB_03142,TC031000
iB_03143,TC001129
iB_03144,TC001135
iB_03145,TC001143
iB_03146,TC001144
iB_03147,TC001146
iB_03148,TC001157
iB_03150,TC001166
iB_03151,TC001175
iB_03152,TC001179
iB_03153,TC001194
iB_03154,TC001199
iB_03155,TC001207
iB_03156,TC001222
iB_03157,TC001227
iB_03158,TC001230
iB_03159,TC001232
iB_03160,TC001239
iB_03161,TC001241
iB_03162,TC001242
iB_03163,TC032223
iB_03164,TC001252
iB_03166,TC001291
iB_03167,TC001300
iB_03168,TC001302
iB_03169,TC001311
iB_03171,TC001318
iB_03172,TC001329
iB_03173,TC032260
iB_03174,TC001346
iB_03175,TC001350
iB_03176,TC001381
iB_03177,TC001384
iB_03178,TC001408
iB_03178,TC012222
iB_03179,TC001412
iB_03180,TC001417
iB_03181,TC034227
iB_03182,TC001429
iB_03182,TC031343
iB_03183,TC031838
iB_03183,TC035002
iB_03184,TC001431
iB_03185,TC001433
iB_03186,TC001434
iB_03187,TC001439
iB_03188,TC001440
iB_03189,TC001442
iB_03190,TC001443
iB_03191,TC001452
iB_03192,TC001461
iB_03193,TC001464
iB_03194,TC001465
iB_03195,TC001470
iB_03196,TC001477
iB_03197,TC001491
iB_03197,TC001492
iB_03197,TC007381
iB_03197,TC009058
iB_03197,TC031730
iB_03197,TC031731
iB_03198,TC008352
iB_03198,TC012270
iB_03198,TC031732
iB_03199,TC001511
iB_03200,TC001512
iB_03201,TC031939
iB_03202,TC001529
iB_03203,TC001533
iB_03204,TC001549
iB_03205,TC031029
iB_03206,TC032349
iB_03207,TC001556
iB_03208,TC001562
iB_03209,TC001568
iB_03210,TC001573
iB_03211,TC001575
iB_03212,TC001577
iB_03213,TC001580
iB_03214,TC032353
iB_03215,TC032692
iB_03217,TC001601
iB_03218,TC001607
iB_03219,TC001612
iB_03220,TC001617
iB_03221,TC001620
iB_03222,TC001624
iB_03223,TC001625
iB_03223,TC030879
iB_03224,TC001631
iB_03225,TC001637
iB_03226,TC000314
iB_03226,TC001660
iB_03226,TC034291
iB_03227,TC001667
iB_03228,TC001673
iB_03229,TC001677
iB_03230,TC001645
iB_03230,TC001793
iB_03230,TC031231
iB_03231,TC031231
iB_03232,TC001680
iB_03233,TC001693
iB_03234,TC001694
iB_03236,TC001706
iB_03236,TC001707
iB_03237,TC001719
iB_03238,TC001722
iB_03239,TC001725
iB_03240,TC001405
iB_03240,TC034535
iB_03241,TC001737
iB_03242,TC001738
iB_03243,TC001740
iB_03244,TC001741
iB_03245,TC001745
iB_03246,TC001746
iB_03247,TC031573
iB_03248,TC031574
iB_03249,TC001757
iB_03251,TC001762
iB_03252,TC031577
iB_03253,TC001774
iB_03254,TC001783
iB_03255,TC001789
iB_03255,TC001792
iB_03255,TC001793
iB_03255,TC008492
iB_03256,TC031307
iB_03257,TC001814
iB_03258,TC001817
iB_03260,TC001866
iB_03261,TC001867
iB_03262,TC034516
iB_03263,TC001874
iB_03264,TC001878
iB_03265,TC031771
iB_03266,TC001887
iB_03267,TC031661
iB_03267,TC034203
iB_03267,TC034204
iB_03268,TC001918
iB_03269,TC001920
iB_03270,TC001922
iB_03271,TC001923
iB_03272,TC001925
iB_03273,TC034270
iB_03274,TC001944
iB_03275,TC034858
iB_03276,TC031707
iB_03277,TC001958
iB_03278,TC001960
iB_03279,TC001965
iB_03280,TC031831
iB_03281,TC001970
iB_03282,TC001977
iB_03283,TC031834
iB_03284,TC001997
iB_03285,TC002002
iB_03286,TC031748
iB_03287,TC012949
iB_03287,TC031350
iB_03287,TC031857
iB_03288,TC002031
iB_03288,TC003710
iB_03288,TC003729
iB_03288,TC004223
iB_03288,TC004224
iB_03288,TC004225
iB_03288,TC004226
iB_03288,TC011526
iB_03288,TC031070
iB_03288,TC031882
iB_03288,TC032279
iB_03288,TC032642
iB_03288,TC034284
iB_03289,TC002162
iB_03289,TC031742
iB_03291,TC031636
iB_03292,TC031632
iB_03293,TC002072
iB_03294,TC002074
iB_03295,TC002077
iB_03296,TC002080
iB_03297,TC002071
iB_03297,TC002081
iB_03298,TC002083
iB_03299,TC002084
iB_03300,TC002085
iB_03303,TC002096
iB_03304,TC002099
iB_03305,TC002108
iB_03305,TC010998
iB_03306,TC002113
iB_03307,TC032613
iB_03309,TC032605
iB_03310,TC002131
iB_03311,TC002135
iB_03312,TC002136
iB_03313,TC002138
iB_03314,TC002139
iB_03315,TC032608
iB_03316,TC034618
iB_03317,TC031745
iB_03318,TC002171
iB_03319,TC002173
iB_03320,TC033918
iB_03322,TC002214
iB_03323,TC031264
iB_03324,TC031264
iB_03325,TC033931
iB_03326,TC003833
iB_03326,TC004352
iB_03326,TC012981
iB_03326,TC031891
iB_03326,TC033481
iB_03326,TC035031
iB_03327,TC002238
iB_03330,TC002241
iB_03331,TC002246
iB_03332,TC001991
iB_03332,TC005061
iB_03332,TC005063
iB_03332,TC005240
iB_03332,TC005244
iB_03332,TC006070
iB_03332,TC006071
iB_03332,TC006076
iB_03332,TC011483
iB_03332,TC033503
iB_03332,TC034493
iB_03333,TC002258
iB_03334,TC002259
iB_03335,TC002261
iB_03336,TC002263
iB_03337,TC002264
iB_03337,TC002305
iB_03338,TC002268
iB_03339,TC002269
iB_03340,TC002272
iB_03341,TC002280
iB_03342,TC002285
iB_03343,TC002287
iB_03344,TC002288
iB_03345,TC002294
iB_03346,TC002296
iB_03347,TC002297
iB_03348,TC002299
iB_03349,TC002308
iB_03350,TC002309
iB_03351,TC002312
iB_03352,TC002315
iB_03353,TC002332
iB_03354,TC002337
iB_03355,TC002338
iB_03356,TC002340
iB_03357,TC002347
iB_03358,TC002350
iB_03359,TC002352
iB_03359,TC002356
iB_03360,TC002363
iB_03361,TC002365
iB_03362,TC031754
iB_03363,TC031757
iB_03364,TC002375
iB_03365,TC002384
iB_03367,TC002388
iB_03368,TC002393
iB_03369,TC002395
iB_03370,TC002405
iB_03371,TC032686
iB_03372,TC002409
iB_03373,TC002422
iB_03374,TC002424
iB_03375,TC002431
iB_03376,TC005079
iB_03376,TC032668
iB_03376,TC033879
iB_03377,TC031070
iB_03378,TC002459
iB_03379,TC002460
iB_03380,TC002466
iB_03381,TC002470
iB_03382,TC034634
iB_03383,TC002488
iB_03385,TC002495
iB_03386,TC002497
iB_03388,TC002499
iB_03389,TC002503
iB_03390,TC002507
iB_03391,TC002509
iB_03392,TC034630
iB_03393,TC002528
iB_03394,TC031065
iB_03395,TC034629
iB_03396,TC031062
iB_03397,TC002539
iB_03398,TC032581
iB_03399,TC002545
iB_03400,TC002546
iB_03401,TC002550
iB_03402,TC002551
iB_03403,TC002552
iB_03404,TC002555
iB_03405,TC002556
iB_03406,TC002557
iB_03407,TC034623
iB_03408,TC031058
iB_03409,TC002584
iB_03411,TC032570
iB_03412,TC002600
iB_03413,TC002602
iB_03414,TC002603
iB_03415,TC002607
iB_03416,TC002609
iB_03417,TC002612
iB_03418,TC032565
iB_03419,TC002617
iB_03420,TC002618
iB_03421,TC002620
iB_03422,TC002621
iB_03423,TC002622
iB_03424,TC002628
iB_03425,TC031055
iB_03426,TC031055
iB_03427,TC031055
iB_03428,TC002638
iB_03429,TC002644
iB_03430,TC031053
iB_03431,TC002652
iB_03432,TC002488
iB_03432,TC002658
iB_03433,TC002659
iB_03435,TC002663
iB_03437,TC002686
iB_03439,TC002698
iB_03440,TC002711
iB_03441,TC032495
iB_03442,TC032495
iB_03443,TC002730
iB_03444,TC002731
iB_03445,TC002734
iB_03446,TC002736
iB_03447,TC002740
iB_03448,TC002748
iB_03450,TC002783
iB_03451,TC031041
iB_03452,TC032448
iB_03453,TC002803
iB_03454,TC002804
iB_03455,TC002814
iB_03456,TC002816
iB_03457,TC002825
iB_03459,TC002866
iB_03460,TC002878
iB_03462,TC032415
iB_03463,TC002895
iB_03465,TC002904
iB_03466,TC002905
iB_03467,TC002906
iB_03468,TC002908
iB_03469,TC002914
iB_03470,TC002917
iB_03471,TC002932
iB_03472,TC002938
iB_03473,TC032396
iB_03474,TC002943
iB_03475,TC002950
iB_03476,TC002959
iB_03479,TC002984
iB_03480,TC002986
iB_03481,TC002990
iB_03483,TC003008
iB_03484,TC003018
iB_03485,TC003023
iB_03487,TC003028
iB_03488,TC003033
iB_03489,TC003034
iB_03490,TC032345
iB_03490,TC032346
iB_03491,TC003068
iB_03492,TC032343
iB_03493,TC032339
iB_03494,TC032339
iB_03495,TC003081
iB_03496,TC003091
iB_03497,TC003092
iB_03498,TC032331
iB_03499,TC032331
iB_03500,TC003110
iB_03501,TC003125
iB_03502,TC031024
iB_03503,TC003133
iB_03504,TC003140
iB_03506,TC032307
iB_03507,TC003147
iB_03508,TC003149
iB_03509,TC034574
iB_03510,TC003157
iB_03511,TC003158
iB_03512,TC003160
iB_03513,TC003167
iB_03514,TC003170
iB_03515,TC003183
iB_03516,TC003191
iB_03517,TC003194
iB_03519,TC003205
iB_03520,TC003221
iB_03521,TC003223
iB_03522,TC003226
iB_03523,TC003228
iB_03524,TC003238
iB_03525,TC003240
iB_03526,TC003242
iB_03527,TC003243
iB_03528,TC003252
iB_03530,TC003258
iB_03531,TC003262
iB_03532,TC003274
iB_03533,TC032303
iB_03534,TC003284
iB_03535,TC003286
iB_03536,TC003294
iB_03538,TC003319
iB_03539,TC034577
iB_03540,TC003331
iB_03540,TC031024
iB_03542,TC032332
iB_03543,TC003355
iB_03544,TC032336
iB_03545,TC032338
iB_03546,TC003377
iB_03547,TC003378
iB_03548,TC003394
iB_03549,TC003401
iB_03550,TC003404
iB_03552,TC003015
iB_03552,TC032367
iB_03553,TC003413
iB_03554,TC003419
iB_03555,TC003429
iB_03556,TC003433
iB_03557,TC003442
iB_03558,TC003453
iB_03559,TC003457
iB_03560,TC003460
iB_03561,TC003464
iB_03562,TC003467
iB_03563,TC003480
iB_03564,TC032394
iB_03567,TC003504
iB_03568,TC003518
iB_03569,TC003519
iB_03570,TC003528
iB_03571,TC003537
iB_03573,TC003544
iB_03574,TC003548
iB_03575,TC003550
iB_03576,TC003554
iB_03577,TC003556
iB_03578,TC003560
iB_03579,TC003562
iB_03580,TC003564
iB_03581,TC003570
iB_03582,TC003571
iB_03583,TC003580
iB_03584,TC034592
iB_03585,TC034592
iB_03586,TC003588
iB_03587,TC003589
iB_03588,TC003594
iB_03589,TC034593
iB_03590,TC003597
iB_03591,TC031038
iB_03592,TC003627
iB_03593,TC003628
iB_03594,TC031040
iB_03595,TC032451
iB_03596,TC003668
iB_03598,TC003675
iB_03599,TC003690
iB_03600,TC003692
iB_03601,TC003694
iB_03602,TC032488
iB_03603,TC003702
iB_03604,TC003707
iB_03605,TC003709
iB_03606,TC002710
iB_03606,TC003716
iB_03607,TC003718
iB_03608,TC003731
iB_03609,TC003733
iB_03611,TC003753
iB_03612,TC032535
iB_03613,TC003757
iB_03614,TC003763
iB_03615,TC003767
iB_03616,TC003770
iB_03617,TC003773
iB_03618,TC003774
iB_03619,TC003775
iB_03620,TC032545
iB_03621,TC032549
iB_03622,TC031052
iB_03623,TC031052
iB_03624,TC032553
iB_03625,TC032559
iB_03626,TC003807
iB_03627,TC003811
iB_03628,TC003834
iB_03629,TC032574
iB_03630,TC003848
iB_03631,TC003849
iB_03633,TC003851
iB_03634,TC003852
iB_03635,TC003854
iB_03636,TC003856
iB_03637,TC003857
iB_03638,TC032578
iB_03639,TC031060
iB_03640,TC031061
iB_03641,TC003872
iB_03642,TC003873
iB_03643,TC003874
iB_03644,TC003876
iB_03645,TC003886
iB_03646,TC032626
iB_03647,TC003898
iB_03648,TC003908
iB_03649,TC003909
iB_03651,TC003918
iB_03651,TC004993
iB_03652,TC034633
iB_03653,TC034633
iB_03654,TC032642
iB_03655,TC003938
iB_03656,TC003944
iB_03657,TC032653
iB_03658,TC003955
iB_03659,TC003957
iB_03660,TC034635
iB_03662,TC002451
iB_03662,TC032664
iB_03663,TC003984
iB_03664,TC032674
iB_03665,TC032676
iB_03666,TC003996
iB_03667,TC003998
iB_03668,TC004002
iB_03669,TC004005
iB_03670,TC031071
iB_03671,TC032682
iB_03672,TC004018
iB_03673,TC004026
iB_03674,TC004028
iB_03675,TC004030
iB_03676,TC032700
iB_03677,TC033896
iB_03678,TC033895
iB_03679,TC033892
iB_03679,TC033893
iB_03680,TC031718
iB_03681,TC004060
iB_03682,TC004062
iB_03683,TC031717
iB_03684,TC035020
iB_03685,TC031721
iB_03686,TC004076
iB_03687,TC004084
iB_03688,TC031224
iB_03689,TC031929
iB_03690,TC004111
iB_03691,TC004114
iB_03692,TC004119
iB_03693,TC031485
iB_03694,TC004127
iB_03695,TC004129
iB_03697,TC004134
iB_03698,TC006136
iB_03698,TC010711
iB_03698,TC010713
iB_03698,TC010714
iB_03698,TC031484
iB_03698,TC032755
iB_03698,TC035027
iB_03699,TC004142
iB_03700,TC004144
iB_03701,TC031486
iB_03702,TC004176
iB_03702,TC035038
iB_03703,TC004178
iB_03703,TC006906
iB_03703,TC031737
iB_03703,TC031943
iB_03703,TC035038
iB_03704,TC004184
iB_03704,TC008152
iB_03704,TC031949
iB_03704,TC032277
iB_03704,TC033798
iB_03704,TC034935
iB_03705,TC005019
iB_03705,TC031650
iB_03705,TC031715
iB_03706,TC004216
iB_03706,TC008506
iB_03707,TC004221
iB_03707,TC016022
iB_03707,TC034907
iB_03708,TC002033
iB_03708,TC032966
iB_03709,TC004234
iB_03710,TC004237
iB_03712,TC004240
iB_03713,TC004241
iB_03714,TC004243
iB_03715,TC004245
iB_03716,TC004246
iB_03717,TC004261
iB_03718,TC031848
iB_03718,TC033169
iB_03719,TC004290
iB_03720,TC004291
iB_03721,TC004297
iB_03722,TC004298
iB_03725,TC004311
iB_03726,TC004313
iB_03728,TC034259
iB_03729,TC004339
iB_03730,TC002021
iB_03730,TC002022
iB_03730,TC002028
iB_03730,TC004348
iB_03730,TC005151
iB_03730,TC005193
iB_03730,TC031260
iB_03730,TC031767
iB_03730,TC031775
iB_03730,TC031873
iB_03730,TC034492
iB_03731,TC003833
iB_03731,TC004352
iB_03731,TC012981
iB_03731,TC031891
iB_03731,TC033481
iB_03731,TC034627
iB_03731,TC035031
iB_03732,TC004355
iB_03733,TC004357
iB_03734,TC031454
iB_03735,TC004374
iB_03736,TC031450
iB_03736,TC031451
iB_03737,TC004381
iB_03738,TC004383
iB_03739,TC004384
iB_03740,TC004385
iB_03741,TC004386
iB_03742,TC004387
iB_03743,TC004388
iB_03744,TC004393
iB_03745,TC004401
iB_03747,TC004405
iB_03748,TC004410
iB_03749,TC002048
iB_03749,TC004413
iB_03749,TC030895
iB_03749,TC033324
iB_03749,TC034993
iB_03750,TC031922
iB_03751,TC004418
iB_03752,TC004420
iB_03753,TC004421
iB_03754,TC004425
iB_03755,TC004431
iB_03756,TC004433
iB_03757,TC004440
iB_03758,TC004447
iB_03759,TC004449
iB_03760,TC004451
iB_03761,TC004452
iB_03762,TC032023
iB_03763,TC004457
iB_03764,TC004461
iB_03765,TC004463
iB_03766,TC004474
iB_03767,TC004488
iB_03767,TC004892
iB_03768,TC004489
iB_03769,TC032010
iB_03770,TC004496
iB_03771,TC004502
iB_03772,TC004504
iB_03773,TC031992
iB_03774,TC031986
iB_03775,TC004520
iB_03776,TC004522
iB_03777,TC031981
iB_03778,TC004527
iB_03779,TC004530
iB_03780,TC031955
iB_03781,TC004546
iB_03782,TC004550
iB_03783,TC031960
iB_03784,TC004555
iB_03785,TC004559
iB_03786,TC004560
iB_03788,TC031964
iB_03789,TC004565
iB_03790,TC031967
iB_03791,TC034542
iB_03792,TC004583
iB_03793,TC034531
iB_03794,TC004592
iB_03795,TC004594
iB_03796,TC004596
iB_03797,TC031558
iB_03797,TC031559
iB_03798,TC004605
iB_03799,TC004607
iB_03800,TC004621
iB_03801,TC004624
iB_03802,TC004625
iB_03803,TC004630
iB_03804,TC004641
iB_03805,TC004651
iB_03806,TC004653
iB_03807,TC004659
iB_03808,TC004664
iB_03809,TC004667
iB_03810,TC004673
iB_03811,TC004674
iB_03812,TC004678
iB_03813,TC034513
iB_03814,TC031468
iB_03815,TC004695
iB_03816,TC031462
iB_03817,TC004706
iB_03819,TC004709
iB_03820,TC004711
iB_03821,TC004713
iB_03822,TC004714
iB_03824,TC004720
iB_03825,TC004721
iB_03826,TC004724
iB_03827,TC004726
iB_03828,TC004729
iB_03829,TC030889
iB_03830,TC004743
iB_03831,TC004745
iB_03832,TC004747
iB_03833,TC004749
iB_03834,TC031561
iB_03835,TC004758
iB_03836,TC004760
iB_03837,TC004761
iB_03838,TC034528
iB_03839,TC004765
iB_03840,TC004768
iB_03841,TC004770
iB_03842,TC004772
iB_03843,TC004774
iB_03844,TC004777
iB_03845,TC004778
iB_03846,TC004789
iB_03847,TC004792
iB_03848,TC004793
iB_03849,TC004796
iB_03850,TC004801
iB_03851,TC031968
iB_03852,TC004825
iB_03853,TC004829
iB_03854,TC004830
iB_03855,TC004836
iB_03856,TC004840
iB_03857,TC004846
iB_03858,TC004850
iB_03860,TC004858
iB_03861,TC004859
iB_03862,TC004860
iB_03863,TC030983
iB_03864,TC030983
iB_03865,TC004871
iB_03866,TC004879
iB_03867,TC004884
iB_03868,TC004895
iB_03869,TC004898
iB_03870,TC004900
iB_03871,TC004911
iB_03872,TC004915
iB_03873,TC030986
iB_03874,TC004930
iB_03875,TC004937
iB_03876,TC004946
iB_03877,TC004952
iB_03878,TC004954
iB_03879,TC004955
iB_03880,TC004956
iB_03881,TC004957
iB_03882,TC004959
iB_03883,TC004961
iB_03884,TC004969
iB_03885,TC004973
iB_03886,TC004976
iB_03887,TC004981
iB_03888,TC005006
iB_03889,TC005007
iB_03890,TC005011
iB_03891,TC004193
iB_03891,TC005019
iB_03891,TC031650
iB_03891,TC031715
iB_03892,TC032704
iB_03892,TC034911
iB_03893,TC004204
iB_03893,TC005036
iB_03894,TC005054
iB_03895,TC005066
iB_03896,TC005068
iB_03897,TC005070
iB_03898,TC005073
iB_03899,TC002187
iB_03899,TC031262
iB_03899,TC031598
iB_03899,TC031761
iB_03900,TC005083
iB_03900,TC033499
iB_03901,TC005089
iB_03902,TC005100
iB_03903,TC033497
iB_03904,TC005103
iB_03905,TC005104
iB_03907,TC005107
iB_03907,TC009312
iB_03907,TC015778
iB_03908,TC005123
iB_03909,TC005130
iB_03910,TC005133
iB_03911,TC005134
iB_03912,TC033284
iB_03913,TC005167
iB_03914,TC005170
iB_03915,TC005179
iB_03916,TC005186
iB_03917,TC005191
iB_03918,TC005192
iB_03919,TC001781
iB_03919,TC001789
iB_03919,TC002329
iB_03919,TC004255
iB_03919,TC005199
iB_03919,TC031582
iB_03919,TC032704
iB_03920,TC005204
iB_03921,TC002039
iB_03921,TC015850
iB_03921,TC030946
iB_03921,TC031255
iB_03921,TC031259
iB_03921,TC031886
iB_03921,TC033297
iB_03921,TC033471
iB_03921,TC034292
iB_03921,TC035031
iB_03922,TC002205
iB_03922,TC005211
iB_03922,TC033924
iB_03923,TC034282
iB_03926,TC005225
iB_03927,TC034541
iB_03928,TC032006
iB_03929,TC001991
iB_03929,TC005061
iB_03929,TC005063
iB_03929,TC005240
iB_03929,TC005244
iB_03929,TC006070
iB_03929,TC006071
iB_03929,TC006076
iB_03929,TC011483
iB_03929,TC033503
iB_03929,TC034493
iB_03930,TC005249
iB_03931,TC031841
iB_03931,TC033481
iB_03932,TC005274
iB_03932,TC033481
iB_03932,TC034750
iB_03934,TC005292
iB_03934,TC031857
iB_03934,TC031884
iB_03934,TC032976
iB_03935,TC005312
iB_03936,TC034199
iB_03937,TC034197
iB_03938,TC005337
iB_03939,TC005341
iB_03940,TC005343
iB_03941,TC005347
iB_03942,TC005351
iB_03943,TC005359
iB_03944,TC005371
iB_03945,TC005381
iB_03946,TC005415
iB_03947,TC034173
iB_03948,TC005435
iB_03949,TC005436
iB_03950,TC005438
iB_03951,TC034169
iB_03953,TC005444
iB_03954,TC005455
iB_03954,TC006683
iB_03955,TC005458
iB_03956,TC005460
iB_03957,TC005461
iB_03958,TC031289
iB_03959,TC005473
iB_03960,TC005474
iB_03960,TC034153
iB_03961,TC005479
iB_03962,TC005487
iB_03963,TC005488
iB_03964,TC005490
iB_03965,TC005491
iB_03966,TC034848
iB_03967,TC005499
iB_03968,TC005500
iB_03969,TC005503
iB_03970,TC005504
iB_03971,TC005512
iB_03972,TC034132
iB_03973,TC034846
iB_03974,TC005529
iB_03975,TC005531
iB_03976,TC005548
iB_03977,TC005549
iB_03978,TC005558
iB_03979,TC034119
iB_03980,TC005561
iB_03981,TC034116
iB_03982,TC005570
iB_03983,TC005575
iB_03984,TC005588
iB_03986,TC005605
iB_03987,TC005609
iB_03988,TC005611
iB_03989,TC005620
iB_03990,TC005623
iB_03991,TC005624
iB_03992,TC034107
iB_03993,TC005638
iB_03994,TC005640
iB_03995,TC005652
iB_03996,TC005664
iB_03997,TC005666
iB_03998,TC005675
iB_03999,TC005712
iB_04000,TC005714
iB_04001,TC005715
iB_04002,TC005721
iB_04003,TC005738
iB_04005,TC034061
iB_04006,TC034060
iB_04007,TC005754
iB_04008,TC005755
iB_04009,TC005765
iB_04010,TC005774
iB_04011,TC005781
iB_04013,TC005785
iB_04014,TC005788
iB_04015,TC034050
iB_04017,TC034048
iB_04018,TC005822
iB_04019,TC005834
iB_04019,TC034038
iB_04020,TC005842
iB_04021,TC034827
iB_04022,TC005849
iB_04023,TC034026
iB_04024,TC005863
iB_04025,TC005870
iB_04025,TC006277
iB_04026,TC034019
iB_04028,TC005879
iB_04029,TC005884
iB_04030,TC005885
iB_04031,TC005888
iB_04032,TC005896
iB_04033,TC005904
iB_04033,TC031275
iB_04034,TC005906
iB_04034,TC005907
iB_04035,TC005908
iB_04036,TC005909
iB_04038,TC034004
iB_04039,TC005932
iB_04040,TC005933
iB_04041,TC005941
iB_04042,TC005944
iB_04042,TC006212
iB_04043,TC005951
iB_04044,TC005954
iB_04045,TC005956
iB_04046,TC005959
iB_04047,TC033984
iB_04048,TC005967
iB_04049,TC005973
iB_04050,TC005983
iB_04051,TC033976
iB_04052,TC005995
iB_04054,TC005999
iB_04055,TC006020
iB_04056,TC006027
iB_04057,TC033957
iB_04058,TC006033
iB_04060,TC033953
iB_04061,TC006061
iB_04062,TC006062
iB_04063,TC006063
iB_04064,TC004265
iB_04064,TC030905
iB_04064,TC033940
iB_04065,TC033943
iB_04066,TC006051
iB_04066,TC033952
iB_04067,TC006112
iB_04068,TC006116
iB_04069,TC006120
iB_04070,TC033959
iB_04071,TC006124
iB_04072,TC006129
iB_04073,TC006132
iB_04073,TC031270
iB_04074,TC006146
iB_04075,TC033971
iB_04076,TC033972
iB_04077,TC006159
iB_04078,TC006167
iB_04079,TC006169
iB_04080,TC006172
iB_04081,TC006174
iB_04082,TC005968
iB_04082,TC006184
iB_04082,TC033983
iB_04083,TC006187
iB_04084,TC006188
iB_04085,TC006201
iB_04086,TC006201
iB_04086,TC006202
iB_04087,TC006206
iB_04088,TC006211
iB_04089,TC006216
iB_04090,TC006218
iB_04091,TC033998
iB_04092,TC006223
iB_04093,TC006226
iB_04094,TC006227
iB_04095,TC006229
iB_04096,TC006230
iB_04097,TC006235
iB_04098,TC006241
iB_04099,TC006253
iB_04100,TC006284
iB_04101,TC006285
iB_04102,TC006286
iB_04103,TC006290
iB_04104,TC006293
iB_04105,TC006299
iB_04106,TC034040
iB_04107,TC006313
iB_04108,TC006314
iB_04109,TC006317
iB_04110,TC006319
iB_04111,TC006324
iB_04113,TC034042
iB_04114,TC006332
iB_04115,TC034046
iB_04116,TC006335
iB_04117,TC006338
iB_04118,TC006340
iB_04119,TC006353
iB_04120,TC006356
iB_04121,TC006359
iB_04122,TC006362
iB_04123,TC034835
iB_04124,TC006374
iB_04125,TC006375
iB_04126,TC006378
iB_04127,TC006380
iB_04128,TC006389
iB_04129,TC006390
iB_04130,TC006392
iB_04131,TC034063
iB_04132,TC006403
iB_04133,TC031278
iB_04134,TC031278
iB_04135,TC006407
iB_04136,TC034076
iB_04137,TC034081
iB_04138,TC006424
iB_04139,TC005692
iB_04139,TC006428
iB_04141,TC006432
iB_04142,TC006436
iB_04143,TC006439
iB_04144,TC006450
iB_04145,TC006453
iB_04146,TC006456
iB_04147,TC006457
iB_04148,TC034095
iB_04149,TC006466
iB_04150,TC006470
iB_04151,TC006471
iB_04152,TC006472
iB_04153,TC006481
iB_04154,TC006492
iB_04155,TC006494
iB_04156,TC006495
iB_04157,TC006496
iB_04158,TC006498
iB_04159,TC006506
iB_04160,TC006507
iB_04161,TC034109
iB_04162,TC006514
iB_04163,TC006523
iB_04164,TC006527
iB_04165,TC006533
iB_04166,TC006543
iB_04168,TC006547
iB_04169,TC006550
iB_04170,TC006551
iB_04171,TC006556
iB_04172,TC006560
iB_04172,TC034123
iB_04173,TC034125
iB_04174,TC006575
iB_04175,TC006580
iB_04176,TC006588
iB_04177,TC006589
iB_04178,TC006591
iB_04179,TC006595
iB_04180,TC006608
iB_04181,TC006619
iB_04182,TC006634
iB_04183,TC006641
iB_04184,TC006642
iB_04185,TC006643
iB_04186,TC031288
iB_04187,TC006656
iB_04188,TC006664
iB_04189,TC006665
iB_04190,TC034161
iB_04191,TC006676
iB_04192,TC006679
iB_04193,TC006680
iB_04194,TC006686
iB_04195,TC006689
iB_04196,TC006693
iB_04197,TC006703
iB_04198,TC006706
iB_04199,TC006711
iB_04200,TC006712
iB_04202,TC006721
iB_04203,TC006723
iB_04204,TC006726
iB_04205,TC006735
iB_04206,TC006740
iB_04207,TC006759
iB_04209,TC006767
iB_04210,TC006773
iB_04211,TC006776
iB_04212,TC006783
iB_04214,TC006795
iB_04215,TC006801
iB_04216,TC006802
iB_04217,TC006804
iB_04218,TC006809
iB_04219,TC006810
iB_04220,TC006811
iB_04221,TC006833
iB_04221,TC034941
iB_04222,TC006832
iB_04222,TC031899
iB_04223,TC030971
iB_04224,TC006840
iB_04225,TC031564
iB_04226,TC006849
iB_04227,TC006853
iB_04228,TC006854
iB_04229,TC006858
iB_04230,TC001484
iB_04230,TC015306
iB_04230,TC031703
iB_04230,TC033322
iB_04231,TC031778
iB_04232,TC006879
iB_04233,TC006888
iB_04234,TC006900
iB_04235,TC000032
iB_04235,TC006902
iB_04235,TC006903
iB_04236,TC004178
iB_04236,TC006906
iB_04236,TC031737
iB_04236,TC035038
iB_04237,TC006914
iB_04238,TC006924
iB_04239,TC006929
iB_04239,TC034499
iB_04239,TC034933
iB_04240,TC031879
iB_04242,TC006940
iB_04243,TC006952
iB_04247,TC006983
iB_04248,TC006986
iB_04249,TC006992
iB_04251,TC007007
iB_04252,TC007008
iB_04253,TC007012
iB_04254,TC007014
iB_04255,TC007018
iB_04256,TC007019
iB_04257,TC007026
iB_04258,TC007030
iB_04259,TC007032
iB_04260,TC007043
iB_04261,TC007044
iB_04262,TC007047
iB_04263,TC007055
iB_04264,TC032930
iB_04265,TC007061
iB_04266,TC007066
iB_04267,TC007072
iB_04268,TC007076
iB_04269,TC007078
iB_04270,TC007081
iB_04271,TC007082
iB_04273,TC007092
iB_04274,TC007096
iB_04275,TC007103
iB_04276,TC007104
iB_04277,TC007110
iB_04278,TC007112
iB_04278,TC031113
iB_04279,TC032893
iB_04280,TC007127
iB_04282,TC007131
iB_04283,TC007145
iB_04284,TC007147
iB_04285,TC007149
iB_04286,TC007150
iB_04287,TC007167
iB_04288,TC007168
iB_04289,TC007172
iB_04290,TC007174
iB_04291,TC032876
iB_04292,TC007197
iB_04293,TC007207
iB_04294,TC007212
iB_04295,TC007223
iB_04296,TC007226
iB_04297,TC007234
iB_04298,TC007248
iB_04299,TC007250
iB_04300,TC007253
iB_04301,TC032851
iB_04302,TC007258
iB_04303,TC007264
iB_04304,TC007276
iB_04306,TC008196
iB_04306,TC031107
iB_04307,TC007293
iB_04308,TC007298
iB_04309,TC007300
iB_04309,TC008190
iB_04310,TC007303
iB_04311,TC007305
iB_04312,TC007311
iB_04313,TC007317
iB_04314,TC007322
iB_04315,TC007333
iB_04316,TC007345
iB_04317,TC007346
iB_04318,TC007376
iB_04319,TC007381
iB_04320,TC007393
iB_04321,TC007395
iB_04322,TC007396
iB_04323,TC007398
iB_04324,TC007399
iB_04324,TC032813
iB_04325,TC007419
iB_04326,TC007427
iB_04327,TC007438
iB_04328,TC007441
iB_04329,TC007442
iB_04331,TC007448
iB_04332,TC007453
iB_04333,TC007463
iB_04334,TC007464
iB_04335,TC007465
iB_04336,TC007472
iB_04337,TC007477
iB_04338,TC008011
iB_04338,TC031102
iB_04339,TC032794
iB_04340,TC007512
iB_04341,TC007514
iB_04342,TC007523
iB_04343,TC007525
iB_04344,TC007528
iB_04345,TC004186
iB_04345,TC031587
iB_04345,TC032775
iB_04345,TC032776
iB_04346,TC000071
iB_04346,TC000103
iB_04346,TC031587
iB_04346,TC032775
iB_04346,TC032776
iB_04346,TC033563
iB_04347,TC007559
iB_04348,TC032769
iB_04349,TC007591
iB_04350,TC007594
iB_04351,TC007598
iB_04352,TC007613
iB_04353,TC007620
iB_04354,TC007624
iB_04355,TC007627
iB_04356,TC032756
iB_04357,TC032755
iB_04358,TC032755
iB_04359,TC007655
iB_04360,TC007656
iB_04361,TC007664
iB_04361,TC010295
iB_04362,TC007671
iB_04363,TC007682
iB_04364,TC007687
iB_04365,TC007693
iB_04366,TC032730
iB_04367,TC007695
iB_04368,TC007705
iB_04369,TC007708
iB_04370,TC007716
iB_04371,TC007723
iB_04372,TC031093
iB_04373,TC032719
iB_04374,TC007732
iB_04375,TC007740
iB_04376,TC007743
iB_04377,TC007751
iB_04378,TC007758
iB_04379,TC007773
iB_04380,TC007784
iB_04381,TC007785
iB_04382,TC007794
iB_04383,TC007814
iB_04384,TC031096
iB_04385,TC007825
iB_04386,TC007834
iB_04387,TC032747
iB_04388,TC032747
iB_04389,TC007855
iB_04390,TC007865
iB_04391,TC007872
iB_04392,TC007874
iB_04393,TC032760
iB_04394,TC007883
iB_04395,TC007913
iB_04397,TC007916
iB_04398,TC007921
iB_04399,TC007922
iB_04401,TC007935
iB_04402,TC007937
iB_04403,TC007938
iB_04404,TC007945
iB_04405,TC007947
iB_04406,TC007951
iB_04407,TC007953
iB_04408,TC007966
iB_04409,TC007972
iB_04410,TC007517
iB_04410,TC007984
iB_04410,TC007985
iB_04411,TC007999
iB_04412,TC008002
iB_04413,TC008007
iB_04414,TC008009
iB_04415,TC008010
iB_04416,TC007475
iB_04416,TC008017
iB_04417,TC008024
iB_04418,TC032803
iB_04419,TC008044
iB_04420,TC008047
iB_04421,TC008062
iB_04422,TC008073
iB_04423,TC008090
iB_04424,TC008097
iB_04425,TC008101
iB_04426,TC008103
iB_04427,TC032815
iB_04429,TC008122
iB_04430,TC008126
iB_04431,TC008131
iB_04432,TC008134
iB_04433,TC008135
iB_04434,TC008136
iB_04435,TC032821
iB_04436,TC032821
iB_04437,TC008149
iB_04438,TC008163
iB_04439,TC008169
iB_04440,TC008185
iB_04441,TC008187
iB_04442,TC008189
iB_04443,TC008204
iB_04444,TC008209
iB_04445,TC007253
iB_04445,TC008214
iB_04445,TC032852
iB_04446,TC032853
iB_04447,TC032855
iB_04448,TC008231
iB_04449,TC008240
iB_04450,TC008244
iB_04451,TC008250
iB_04452,TC008260
iB_04453,TC008268
iB_04454,TC008272
iB_04455,TC008278
iB_04455,TC032868
iB_04455,TC034669
iB_04456,TC008291
iB_04457,TC008292
iB_04459,TC008297
iB_04460,TC008298
iB_04461,TC008304
iB_04462,TC008312
iB_04463,TC008314
iB_04464,TC008321
iB_04465,TC032883
iB_04466,TC008326
iB_04468,TC008332
iB_04470,TC008337
iB_04471,TC008340
iB_04472,TC008348
iB_04473,TC008351
iB_04474,TC008365
iB_04475,TC031113
iB_04476,TC008382
iB_04477,TC032949
iB_04478,TC008388
iB_04479,TC032946
iB_04480,TC008409
iB_04481,TC008412
iB_04482,TC008414
iB_04483,TC008417
iB_04484,TC008419
iB_04485,TC008421
iB_04486,TC008423
iB_04487,TC032938
iB_04488,TC008430
iB_04489,TC008433
iB_04490,TC008437
iB_04491,TC008439
iB_04492,TC008440
iB_04494,TC008457
iB_04495,TC008459
iB_04496,TC008460
iB_04497,TC008466
iB_04498,TC008467
iB_04499,TC008471
iB_04500,TC008477
iB_04502,TC008482
iB_04503,TC008489
iB_04504,TC032951
iB_04505,TC008505
iB_04507,TC008509
iB_04508,TC008516
iB_04509,TC008521
iB_04510,TC008522
iB_04511,TC032960
iB_04512,TC008531
iB_04513,TC008532
iB_04514,TC031766
iB_04515,TC031766
iB_04516,TC031765
iB_04518,TC005265
iB_04518,TC005266
iB_04518,TC008562
iB_04518,TC010985
iB_04518,TC010986
iB_04518,TC031014
iB_04518,TC032975
iB_04518,TC033905
iB_04519,TC008566
iB_04520,TC008567
iB_04521,TC008582
iB_04521,TC016160
iB_04521,TC016174
iB_04521,TC016388
iB_04521,TC031615
iB_04522,TC008584
iB_04523,TC008588
iB_04524,TC032973
iB_04525,TC005264
iB_04525,TC008592
iB_04525,TC010982
iB_04525,TC031014
iB_04526,TC008629
iB_04527,TC008636
iB_04528,TC008652
iB_04528,TC010168
iB_04529,TC008657
iB_04530,TC033856
iB_04531,TC008662
iB_04532,TC008664
iB_04533,TC008668
iB_04534,TC008696
iB_04535,TC008701
iB_04536,TC008702
iB_04537,TC033868
iB_04538,TC033871
iB_04539,TC008731
iB_04541,TC033821
iB_04542,TC008788
iB_04543,TC033807
iB_04544,TC008799
iB_04545,TC008800
iB_04546,TC033804
iB_04547,TC008826
iB_04548,TC008838
iB_04549,TC008840
iB_04550,TC008844
iB_04551,TC008846
iB_04551,TC009981
iB_04552,TC031207
iB_04553,TC008856
iB_04554,TC008858
iB_04555,TC008861
iB_04556,TC008865
iB_04557,TC008876
iB_04558,TC033769
iB_04559,TC008896
iB_04560,TC008900
iB_04560,TC009942
iB_04561,TC008909
iB_04562,TC008915
iB_04563,TC008920
iB_04564,TC008926
iB_04566,TC008935
iB_04567,TC008953
iB_04568,TC008959
iB_04569,TC033738
iB_04570,TC008974
iB_04571,TC008984
iB_04572,TC008993
iB_04573,TC008998
iB_04574,TC033705
iB_04575,TC009017
iB_04575,TC009018
iB_04576,TC009020
iB_04577,TC009024
iB_04578,TC009029
iB_04579,TC009031
iB_04580,TC009034
iB_04581,TC009040
iB_04582,TC009046
iB_04583,TC033691
iB_04584,TC009058
iB_04585,TC033687
iB_04586,TC009068
iB_04586,TC033685
iB_04587,TC009075
iB_04589,TC033677
iB_04591,TC031198
iB_04593,TC009102
iB_04594,TC009110
iB_04595,TC033642
iB_04596,TC033639
iB_04598,TC009147
iB_04599,TC009151
iB_04600,TC009160
iB_04601,TC009173
iB_04602,TC009184
iB_04603,TC009185
iB_04604,TC031185
iB_04605,TC009222
iB_04606,TC009230
iB_04607,TC009261
iB_04608,TC009270
iB_04611,TC009275
iB_04612,TC009277
iB_04614,TC009296
iB_04615,TC009300
iB_04616,TC009311
iB_04617,TC009316
iB_04618,TC009318
iB_04619,TC009325
iB_04620,TC009330
iB_04621,TC009345
iB_04622,TC033522
iB_04623,TC009376
iB_04624,TC009385
iB_04625,TC009387
iB_04627,TC009391
iB_04628,TC009395
iB_04629,TC033506
iB_04630,TC031176
iB_04631,TC009425
iB_04632,TC009435
iB_04633,TC009439
iB_04634,TC009452
iB_04635,TC009455
iB_04636,TC009456
iB_04637,TC009461
iB_04638,TC009470
iB_04639,TC009474
iB_04641,TC009479
iB_04642,TC009484
iB_04643,TC009487
iB_04644,TC009489
iB_04645,TC009492
iB_04646,TC009507
iB_04647,TC009516
iB_04650,TC009525
iB_04651,TC034763
iB_04652,TC009537
iB_04653,TC009539
iB_04654,TC009542
iB_04655,TC009552
iB_04656,TC009563
iB_04657,TC031184
iB_04658,TC009573
iB_04659,TC033570
iB_04660,TC009582
iB_04661,TC033575
iB_04662,TC009594
iB_04663,TC009607
iB_04664,TC009612
iB_04665,TC009616
iB_04666,TC009619
iB_04667,TC009625
iB_04668,TC009629
iB_04669,TC033594
iB_04670,TC009638
iB_04671,TC031186
iB_04672,TC009653
iB_04673,TC009654
iB_04674,TC009657
iB_04675,TC009665
iB_04676,TC033599
iB_04677,TC009671
iB_04678,TC033602
iB_04679,TC034774
iB_04680,TC034774
iB_04681,TC034774
iB_04682,TC009692
iB_04683,TC009694
iB_04685,TC009702
iB_04686,TC009705
iB_04687,TC009710
iB_04688,TC009729
iB_04690,TC033668
iB_04691,TC009742
iB_04692,TC009748
iB_04693,TC033678
iB_04694,TC009768
iB_04695,TC009779
iB_04696,TC009780
iB_04697,TC009782
iB_04698,TC009784
iB_04699,TC009785
iB_04701,TC009791
iB_04701,TC031200
iB_04702,TC031200
iB_04703,TC009793
iB_04704,TC009795
iB_04705,TC009798
iB_04706,TC004254
iB_04706,TC009799
iB_04706,TC031620
iB_04707,TC009812
iB_04708,TC009819
iB_04709,TC009834
iB_04710,TC009839
iB_04711,TC009841
iB_04712,TC009842
iB_04713,TC009847
iB_04714,TC009857
iB_04715,TC033736
iB_04716,TC009873
iB_04717,TC009877
iB_04718,TC009882
iB_04719,TC009889
iB_04720,TC009906
iB_04721,TC009917
iB_04722,TC009918
iB_04723,TC009925
iB_04724,TC009927
iB_04725,TC009928
iB_04726,TC009929
iB_04727,TC009931
iB_04728,TC009934
iB_04729,TC009939
iB_04730,TC009940
iB_04731,TC009947
iB_04732,TC031205
iB_04733,TC009964
iB_04734,TC009965
iB_04735,TC009970
iB_04736,TC009974
iB_04737,TC034804
iB_04738,TC033784
iB_04739,TC009995
iB_04740,TC009998
iB_04741,TC009999
iB_04742,TC033793
iB_04743,TC010010
iB_04744,TC010011
iB_04745,TC010012
iB_04747,TC033802
iB_04748,TC033810
iB_04749,TC010040
iB_04750,TC010041
iB_04751,TC010049
iB_04752,TC010050
iB_04753,TC010059
iB_04754,TC010062
iB_04755,TC033829
iB_04756,TC010074
iB_04758,TC010081
iB_04759,TC010099
iB_04760,TC010102
iB_04761,TC010104
iB_04762,TC010107
iB_04763,TC010108
iB_04764,TC010113
iB_04765,TC010130
iB_04766,TC010143
iB_04767,TC031214
iB_04768,TC010150
iB_04769,TC010154
iB_04770,TC010155
iB_04771,TC010157
iB_04772,TC033857
iB_04773,TC010163
iB_04774,TC010166
iB_04775,TC010167
iB_04776,TC010170
iB_04777,TC010172
iB_04778,TC010176
iB_04779,TC010181
iB_04780,TC010191
iB_04781,TC010195
iB_04782,TC010196
iB_04783,TC033836
iB_04784,TC010201
iB_04785,TC010204
iB_04786,TC010205
iB_04787,TC010207
iB_04788,TC010212
iB_04788,TC034537
iB_04789,TC031215
iB_04790,TC010226
iB_04791,TC010234
iB_04793,TC010238
iB_04794,TC010239
iB_04795,TC010240
iB_04796,TC031667
iB_04797,TC010251
iB_04798,TC010253
iB_04799,TC010254
iB_04800,TC031668
iB_04801,TC010266
iB_04802,TC010267
iB_04803,TC031763
iB_04803,TC034976
iB_04804,TC010304
iB_04804,TC034382
iB_04804,TC034883
iB_04804,TC034963
iB_04805,TC002591
iB_04805,TC004306
iB_04805,TC031170
iB_04805,TC031333
iB_04806,TC010317
iB_04807,TC010319
iB_04808,TC010321
iB_04809,TC010323
iB_04810,TC010324
iB_04811,TC010327
iB_04812,TC010328
iB_04813,TC010329
iB_04814,TC010330
iB_04816,TC010334
iB_04817,TC010343
iB_04818,TC032589
iB_04819,TC032583
iB_04820,TC010359
iB_04821,TC010364
iB_04822,TC010364
iB_04823,TC010368
iB_04824,TC010370
iB_04825,TC010371
iB_04826,TC010378
iB_04827,TC010379
iB_04828,TC032595
iB_04829,TC010386
iB_04830,TC010387
iB_04831,TC010402
iB_04832,TC010404
iB_04833,TC010406
iB_04834,TC010421
iB_04835,TC010439
iB_04836,TC010440
iB_04837,TC010445
iB_04838,TC010447
iB_04839,TC010449
iB_04840,TC010455
iB_04841,TC033101
iB_04842,TC010464
iB_04843,TC033104
iB_04844,TC033105
iB_04845,TC010474
iB_04846,TC010475
iB_04847,TC010480
iB_04848,TC010482
iB_04849,TC010483
iB_04850,TC010484
iB_04851,TC001989
iB_04851,TC010492
iB_04851,TC010558
iB_04851,TC031784
iB_04851,TC032526
iB_04852,TC010493
iB_04853,TC010496
iB_04854,TC010498
iB_04855,TC010500
iB_04856,TC010503
iB_04857,TC010505
iB_04858,TC010507
iB_04859,TC010508
iB_04860,TC010516
iB_04861,TC010520
iB_04862,TC010526
iB_04864,TC031048
iB_04865,TC010534
iB_04866,TC032516
iB_04867,TC010543
iB_04868,TC010549
iB_04869,TC010564
iB_04870,TC010565
iB_04871,TC010569
iB_04872,TC010570
iB_04873,TC010571
iB_04874,TC010578
iB_04875,TC010590
iB_04876,TC010595
iB_04877,TC010596
iB_04878,TC010597
iB_04879,TC033655
iB_04880,TC010614
iB_04881,TC031767
iB_04882,TC001856
iB_04882,TC004348
iB_04882,TC004349
iB_04882,TC005152
iB_04882,TC010687
iB_04882,TC031775
iB_04882,TC031873
iB_04883,TC010635
iB_04884,TC010636
iB_04885,TC010639
iB_04886,TC010649
iB_04887,TC010650
iB_04888,TC010652
iB_04889,TC010653
iB_04890,TC010654
iB_04891,TC010661
iB_04892,TC010668
iB_04893,TC034351
iB_04894,TC010672
iB_04895,TC010677
iB_04896,TC033491
iB_04897,TC010693
iB_04898,TC031089
iB_04899,TC031089
iB_04900,TC010710
iB_04900,TC010711
iB_04900,TC010713
iB_04900,TC010714
iB_04900,TC035027
iB_04901,TC031801
iB_04902,TC031803
iB_04902,TC031894
iB_04903,TC031600
iB_04903,TC035031
iB_04905,TC010763
iB_04906,TC010764
iB_04907,TC010769
iB_04908,TC010783
iB_04910,TC031539
iB_04911,TC010803
iB_04912,TC031532
iB_04913,TC010811
iB_04914,TC010815
iB_04915,TC010824
iB_04916,TC010838
iB_04917,TC010841
iB_04918,TC010845
iB_04919,TC010848
iB_04920,TC010850
iB_04921,TC010853
iB_04922,TC010856
iB_04923,TC031541
iB_04925,TC010874
iB_04926,TC010876
iB_04927,TC010877
iB_04928,TC033004
iB_04929,TC010895
iB_04930,TC010896
iB_04931,TC033006
iB_04932,TC010898
iB_04933,TC010900
iB_04934,TC033009
iB_04935,TC033019
iB_04936,TC010916
iB_04937,TC010927
iB_04938,TC010930
iB_04939,TC010931
iB_04940,TC010937
iB_04941,TC010939
iB_04942,TC033010
iB_04943,TC010944
iB_04944,TC010949
iB_04945,TC010952
iB_04946,TC010953
iB_04947,TC010955
iB_04948,TC033000
iB_04949,TC010958
iB_04950,TC010960
iB_04951,TC010961
iB_04952,TC034279
iB_04953,TC010967
iB_04954,TC034277
iB_04955,TC034277
iB_04957,TC010974
iB_04958,TC010989
iB_04959,TC010992
iB_04960,TC010995
iB_04961,TC010997
iB_04962,TC011007
iB_04963,TC011010
iB_04964,TC011033
iB_04966,TC011056
iB_04967,TC031404
iB_04968,TC011066
iB_04969,TC011093
iB_04970,TC034925
iB_04971,TC011121
iB_04972,TC011126
iB_04973,TC011137
iB_04974,TC011139
iB_04975,TC011140
iB_04976,TC031371
iB_04978,TC011169
iB_04979,TC011170
iB_04980,TC011180
iB_04981,TC011184
iB_04982,TC011190
iB_04983,TC011192
iB_04984,TC011193
iB_04985,TC011196
iB_04986,TC011206
iB_04987,TC011210
iB_04988,TC011212
iB_04989,TC011214
iB_04990,TC002022
iB_04990,TC031219
iB_04990,TC031349
iB_04990,TC031351
iB_04991,TC031335
iB_04992,TC011225
iB_04993,TC011226
iB_04994,TC011227
iB_04995,TC011228
iB_04996,TC011230
iB_04997,TC011231
iB_04998,TC011233
iB_04999,TC011236
iB_05002,TC011250
iB_05003,TC011251
iB_05004,TC011252
iB_05005,TC011257
iB_05006,TC011263
iB_05007,TC002008
iB_05007,TC031012
iB_05007,TC031350
iB_05007,TC031351
iB_05008,TC031361
iB_05009,TC011304
iB_05010,TC011305
iB_05011,TC011311
iB_05012,TC011313
iB_05013,TC011318
iB_05014,TC011325
iB_05015,TC011337
iB_05016,TC031375
iB_05017,TC031375
iB_05018,TC011351
iB_05019,TC031384
iB_05020,TC011356
iB_05021,TC011361
iB_05022,TC011377
iB_05023,TC011379
iB_05025,TC011383
iB_05027,TC031393
iB_05028,TC011397
iB_05029,TC031399
iB_05030,TC031400
iB_05031,TC011404
iB_05032,TC011413
iB_05033,TC011419
iB_05034,TC011430
iB_05035,TC011438
iB_05037,TC011448
iB_05038,TC011451
iB_05039,TC011457
iB_05040,TC011462
iB_05041,TC031445
iB_05042,TC011476
iB_05043,TC011477
iB_05043,TC033344
iB_05044,TC011510
iB_05045,TC011514
iB_05046,TC011521
iB_05047,TC011524
iB_05048,TC011526
iB_05049,TC011532
iB_05050,TC011533
iB_05051,TC011538
iB_05052,TC011539
iB_05053,TC011542
iB_05054,TC011550
iB_05055,TC011556
iB_05056,TC011558
iB_05057,TC011565
iB_05059,TC011603
iB_05060,TC011606
iB_05061,TC011609
iB_05063,TC011615
iB_05064,TC011626
iB_05064,TC015536
iB_05065,TC011633
iB_05066,TC011648
iB_05067,TC011653
iB_05069,TC011656
iB_05070,TC011657
iB_05071,TC011660
iB_05072,TC011662
iB_05073,TC011665
iB_05074,TC011667
iB_05075,TC034465
iB_05076,TC011671
iB_05077,TC031252
iB_05078,TC011676
iB_05079,TC031250
iB_05080,TC011682
iB_05081,TC011685
iB_05082,TC011690
iB_05083,TC011697
iB_05084,TC034458
iB_05085,TC011702
iB_05086,TC011709
iB_05087,TC011713
iB_05088,TC011716
iB_05089,TC011720
iB_05091,TC011724
iB_05092,TC034449
iB_05093,TC011735
iB_05094,TC011737
iB_05095,TC011744
iB_05096,TC011748
iB_05097,TC034444
iB_05098,TC011763
iB_05099,TC011768
iB_05100,TC011769
iB_05101,TC011771
iB_05102,TC011782
iB_05103,TC034441
iB_05105,TC011791
iB_05106,TC034435
iB_05108,TC011827
iB_05109,TC011833
iB_05110,TC011836
iB_05111,TC011840
iB_05112,TC011844
iB_05113,TC011845
iB_05115,TC011848
iB_05116,TC011859
iB_05117,TC011861
iB_05118,TC011863
iB_05119,TC034418
iB_05119,TC034419
iB_05120,TC011870
iB_05121,TC011872
iB_05122,TC011893
iB_05123,TC011913
iB_05124,TC011917
iB_05125,TC011922
iB_05126,TC011923
iB_05127,TC011927
iB_05128,TC011930
iB_05129,TC034383
iB_05130,TC011937
iB_05131,TC011938
iB_05133,TC011960
iB_05134,TC011963
iB_05135,TC031243
iB_05136,TC011968
iB_05138,TC011975
iB_05139,TC011976
iB_05140,TC011978
iB_05141,TC011986
iB_05142,TC011988
iB_05143,TC031239
iB_05144,TC011998
iB_05146,TC034874
iB_05147,TC012011
iB_05148,TC034344
iB_05149,TC012015
iB_05150,TC012016
iB_05151,TC012018
iB_05152,TC012027
iB_05153,TC012032
iB_05154,TC012035
iB_05155,TC012039
iB_05156,TC012042
iB_05157,TC012044
iB_05159,TC012050
iB_05160,TC012060
iB_05161,TC012067
iB_05162,TC012072
iB_05163,TC012074
iB_05164,TC012080
iB_05166,TC034318
iB_05167,TC012091
iB_05168,TC012096
iB_05169,TC012100
iB_05170,TC034311
iB_05171,TC034867
iB_05172,TC034305
iB_05173,TC012114
iB_05174,TC012116
iB_05175,TC012119
iB_05176,TC012121
iB_05177,TC034301
iB_05178,TC034299
iB_05179,TC034296
iB_05180,TC012133
iB_05181,TC012137
iB_05181,TC012237
iB_05182,TC012149
iB_05183,TC012150
iB_05184,TC012166
iB_05185,TC012170
iB_05186,TC012174
iB_05187,TC012175
iB_05188,TC012187
iB_05189,TC012188
iB_05190,TC012189
iB_05191,TC012322
iB_05192,TC012212
iB_05192,TC031227
iB_05193,TC012228
iB_05194,TC012230
iB_05195,TC012239
iB_05196,TC012241
iB_05197,TC035002
iB_05198,TC031226
iB_05199,TC012250
iB_05199,TC031226
iB_05200,TC012252
iB_05201,TC012253
iB_05202,TC012257
iB_05203,TC032528
iB_05204,TC012273
iB_05205,TC012276
iB_05206,TC012278
iB_05207,TC012282
iB_05208,TC012285
iB_05209,TC034242
iB_05210,TC034243
iB_05211,TC012301
iB_05212,TC012310
iB_05213,TC012311
iB_05214,TC012326
iB_05215,TC012328
iB_05216,TC012332
iB_05217,TC034297
iB_05218,TC012341
iB_05219,TC012346
iB_05220,TC012347
iB_05221,TC012348
iB_05222,TC012351
iB_05223,TC012353
iB_05224,TC012356
iB_05225,TC012357
iB_05226,TC012366
iB_05227,TC012379
iB_05228,TC012380
iB_05229,TC012381
iB_05230,TC012383
iB_05231,TC012384
iB_05232,TC012388
iB_05233,TC012392
iB_05234,TC012393
iB_05235,TC034317
iB_05236,TC012411
iB_05237,TC012416
iB_05238,TC012418
iB_05239,TC012422
iB_05240,TC012423
iB_05241,TC034331
iB_05242,TC012432
iB_05243,TC012449
iB_05244,TC012451
iB_05245,TC012457
iB_05246,TC034342
iB_05247,TC012475
iB_05248,TC012483
iB_05249,TC012488
iB_05250,TC012491
iB_05251,TC034362
iB_05252,TC012499
iB_05253,TC012507
iB_05254,TC012509
iB_05255,TC012510
iB_05256,TC004987
iB_05256,TC006201
iB_05256,TC011960
iB_05256,TC012513
iB_05256,TC012551
iB_05256,TC030917
iB_05257,TC012518
iB_05258,TC012521
iB_05259,TC012528
iB_05260,TC034379
iB_05261,TC012532
iB_05262,TC012533
iB_05263,TC012536
iB_05264,TC012539
iB_05266,TC012549
iB_05267,TC012555
iB_05267,TC034383
iB_05268,TC012561
iB_05270,TC012567
iB_05271,TC012570
iB_05272,TC012571
iB_05273,TC012574
iB_05274,TC012578
iB_05275,TC012583
iB_05276,TC011907
iB_05276,TC012589
iB_05277,TC034399
iB_05278,TC034399
iB_05279,TC012611
iB_05280,TC034405
iB_05281,TC012616
iB_05282,TC012636
iB_05283,TC012640
iB_05284,TC034421
iB_05285,TC034421
iB_05286,TC012655
iB_05287,TC012657
iB_05288,TC012661
iB_05289,TC012662
iB_05290,TC012664
iB_05291,TC012666
iB_05292,TC034427
iB_05293,TC012671
iB_05294,TC012672
iB_05295,TC012687
iB_05296,TC031248
iB_05297,TC012697
iB_05298,TC012698
iB_05299,TC012700
iB_05300,TC034436
iB_05301,TC012706
iB_05302,TC034442
iB_05303,TC012723
iB_05304,TC012726
iB_05305,TC012731
iB_05306,TC012735
iB_05307,TC012737
iB_05308,TC012748
iB_05309,TC012752
iB_05311,TC012756
iB_05312,TC012758
iB_05313,TC034448
iB_05314,TC034892
iB_05315,TC012772
iB_05316,TC012779
iB_05317,TC012783
iB_05318,TC012786
iB_05319,TC012787
iB_05320,TC034460
iB_05321,TC012796
iB_05322,TC012797
iB_05323,TC034462
iB_05324,TC012802
iB_05325,TC012816
iB_05326,TC012819
iB_05327,TC012821
iB_05328,TC012823
iB_05329,TC012828
iB_05330,TC012833
iB_05331,TC012834
iB_05332,TC011636
iB_05332,TC012835
iB_05333,TC012838
iB_05334,TC012840
iB_05335,TC012841
iB_05336,TC012842
iB_05337,TC012848
iB_05338,TC012850
iB_05339,TC012851
iB_05340,TC012854
iB_05341,TC012856
iB_05342,TC012857
iB_05343,TC011620
iB_05343,TC012859
iB_05344,TC012861
iB_05345,TC012866
iB_05347,TC012875
iB_05348,TC012880
iB_05349,TC012889
iB_05350,TC012891
iB_05351,TC012892
iB_05352,TC034613
iB_05353,TC012899
iB_05354,TC034612
iB_05355,TC012902
iB_05356,TC031695
iB_05357,TC012918
iB_05358,TC012922
iB_05359,TC012925
iB_05360,TC012933
iB_05362,TC012970
iB_05362,TC031847
iB_05363,TC000071
iB_05363,TC000103
iB_05363,TC031587
iB_05363,TC032775
iB_05363,TC032776
iB_05363,TC033563
iB_05364,TC012980
iB_05366,TC012995
iB_05367,TC012996
iB_05368,TC012997
iB_05369,TC034711
iB_05370,TC013003
iB_05371,TC033271
iB_05372,TC013017
iB_05373,TC033264
iB_05374,TC013028
iB_05375,TC013039
iB_05375,TC014763
iB_05376,TC033254
iB_05377,TC013042
iB_05378,TC013058
iB_05379,TC013073
iB_05380,TC013080
iB_05381,TC013086
iB_05382,TC013089
iB_05383,TC033243
iB_05385,TC013108
iB_05386,TC013115
iB_05387,TC013119
iB_05388,TC013124
iB_05389,TC013134
iB_05390,TC031157
iB_05391,TC013156
iB_05392,TC013160
iB_05393,TC013163
iB_05394,TC013165
iB_05395,TC013166
iB_05396,TC013169
iB_05397,TC013170
iB_05398,TC013185
iB_05399,TC013190
iB_05400,TC013191
iB_05401,TC033193
iB_05402,TC013240
iB_05403,TC013243
iB_05403,TC031153
iB_05404,TC013245
iB_05405,TC013247
iB_05406,TC033180
iB_05407,TC033177
iB_05408,TC031151
iB_05409,TC031151
iB_05410,TC014530
iB_05410,TC031195
iB_05411,TC013276
iB_05412,TC013277
iB_05413,TC013279
iB_05414,TC013280
iB_05415,TC034782
iB_05416,TC013294
iB_05418,TC013321
iB_05419,TC033171
iB_05420,TC013339
iB_05421,TC013355
iB_05422,TC013367
iB_05424,TC013376
iB_05425,TC013380
iB_05426,TC013383
iB_05427,TC013403
iB_05428,TC013408
iB_05430,TC033149
iB_05431,TC013418
iB_05432,TC033148
iB_05433,TC013421
iB_05434,TC013432
iB_05435,TC013451
iB_05436,TC013456
iB_05437,TC013459
iB_05438,TC033129
iB_05439,TC013474
iB_05440,TC013489
iB_05441,TC013504
iB_05442,TC033122
iB_05443,TC013522
iB_05444,TC013528
iB_05445,TC013530
iB_05446,TC013536
iB_05447,TC013539
iB_05448,TC013544
iB_05449,TC013545
iB_05450,TC013551
iB_05451,TC013553
iB_05452,TC013559
iB_05453,TC013561
iB_05454,TC013562
iB_05455,TC031511
iB_05456,TC013569
iB_05457,TC031509
iB_05458,TC013578
iB_05459,TC013589
iB_05460,TC013590
iB_05461,TC013603
iB_05462,TC013607
iB_05463,TC013608
iB_05464,TC013614
iB_05465,TC013622
iB_05466,TC013623
iB_05467,TC013628
iB_05468,TC013631
iB_05469,TC031494
iB_05470,TC013633
iB_05471,TC013635
iB_05472,TC013645
iB_05473,TC013650
iB_05474,TC013655
iB_05475,TC013660
iB_05476,TC013682
iB_05477,TC013689
iB_05478,TC013699
iB_05479,TC013700
iB_05480,TC013702
iB_05481,TC013703
iB_05482,TC013717
iB_05483,TC013718
iB_05484,TC013723
iB_05485,TC013735
iB_05486,TC013741
iB_05487,TC031140
iB_05488,TC013745
iB_05489,TC013749
iB_05490,TC013751
iB_05491,TC013752
iB_05492,TC013762
iB_05493,TC013770
iB_05494,TC033050
iB_05495,TC013779
iB_05496,TC013781
iB_05497,TC013787
iB_05498,TC033042
iB_05499,TC013794
iB_05500,TC013795
iB_05501,TC033041
iB_05502,TC033041
iB_05503,TC013804
iB_05504,TC013813
iB_05505,TC013816
iB_05506,TC013822
iB_05507,TC013824
iB_05508,TC013827
iB_05509,TC013837
iB_05511,TC013844
iB_05512,TC033027
iB_05513,TC013858
iB_05514,TC013868
iB_05515,TC013872
iB_05516,TC013874
iB_05517,TC013890
iB_05518,TC032992
iB_05519,TC032990
iB_05520,TC032990
iB_05521,TC013909
iB_05522,TC013912
iB_05523,TC013913
iB_05524,TC013915
iB_05525,TC013918
iB_05526,TC013939
iB_05527,TC013942
iB_05528,TC013944
iB_05529,TC013945
iB_05530,TC013949
iB_05531,TC033026
iB_05532,TC033031
iB_05533,TC013838
iB_05533,TC013972
iB_05534,TC013974
iB_05535,TC013978
iB_05536,TC013982
iB_05537,TC013987
iB_05538,TC013995
iB_05539,TC013996
iB_05540,TC013999
iB_05541,TC033046
iB_05542,TC033046
iB_05543,TC014017
iB_05544,TC014024
iB_05545,TC014032
iB_05546,TC014042
iB_05547,TC014046
iB_05548,TC014056
iB_05549,TC014065
iB_05550,TC014075
iB_05551,TC014081
iB_05552,TC014084
iB_05553,TC014085
iB_05554,TC014089
iB_05556,TC014093
iB_05557,TC014098
iB_05558,TC014099
iB_05559,TC014105
iB_05560,TC014109
iB_05561,TC014111
iB_05562,TC014116
iB_05563,TC013672
iB_05563,TC033079
iB_05564,TC014131
iB_05565,TC014134
iB_05566,TC014135
iB_05567,TC033082
iB_05568,TC014147
iB_05569,TC014149
iB_05570,TC014152
iB_05571,TC014154
iB_05572,TC014155
iB_05573,TC014156
iB_05574,TC014160
iB_05575,TC014161
iB_05576,TC014162
iB_05577,TC014167
iB_05578,TC014172
iB_05579,TC014181
iB_05580,TC031495
iB_05581,TC014184
iB_05582,TC031499
iB_05583,TC014196
iB_05584,TC014205
iB_05585,TC014209
iB_05586,TC014210
iB_05587,TC014211
iB_05588,TC014213
iB_05589,TC014214
iB_05590,TC030884
iB_05591,TC014237
iB_05592,TC014241
iB_05593,TC014243
iB_05594,TC014248
iB_05595,TC014254
iB_05596,TC014259
iB_05597,TC014263
iB_05598,TC014264
iB_05599,TC014274
iB_05600,TC014276
iB_05601,TC014278
iB_05602,TC014281
iB_05603,TC014287
iB_05604,TC014294
iB_05605,TC014296
iB_05606,TC014298
iB_05607,TC014308
iB_05607,TC014309
iB_05608,TC014322
iB_05609,TC014328
iB_05610,TC014330
iB_05611,TC014333
iB_05612,TC014334
iB_05613,TC033135
iB_05614,TC014346
iB_05615,TC014348
iB_05616,TC014361
iB_05617,TC033147
iB_05618,TC014373
iB_05619,TC014379
iB_05620,TC033150
iB_05621,TC014383
iB_05622,TC014393
iB_05623,TC014396
iB_05624,TC014398
iB_05625,TC014400
iB_05626,TC014402
iB_05627,TC014407
iB_05628,TC014413
iB_05629,TC014417
iB_05630,TC033158
iB_05631,TC014435
iB_05632,TC014438
iB_05633,TC014443
iB_05634,TC033165
iB_05635,TC014463
iB_05636,TC014467
iB_05637,TC014474
iB_05638,TC033173
iB_05639,TC014496
iB_05640,TC031150
iB_05641,TC031150
iB_05642,TC014517
iB_05643,TC014519
iB_05644,TC031196
iB_05645,TC014533
iB_05647,TC014541
iB_05648,TC014542
iB_05649,TC014554
iB_05650,TC014556
iB_05651,TC014561
iB_05652,TC014563
iB_05653,TC033194
iB_05654,TC014604
iB_05655,TC014616
iB_05657,TC014620
iB_05658,TC014625
iB_05659,TC014627
iB_05660,TC014629
iB_05661,TC014631
iB_05662,TC014632
iB_05663,TC014634
iB_05664,TC014638
iB_05665,TC014641
iB_05666,TC014642
iB_05667,TC014643
iB_05668,TC014658
iB_05669,TC014666
iB_05670,TC014667
iB_05671,TC033217
iB_05672,TC033224
iB_05673,TC033225
iB_05674,TC014687
iB_05676,TC014695
iB_05677,TC031158
iB_05678,TC014706
iB_05679,TC014712
iB_05680,TC033237
iB_05681,TC014714
iB_05682,TC014717
iB_05683,TC014730
iB_05684,TC014731
iB_05685,TC014741
iB_05686,TC014756
iB_05687,TC014769
iB_05688,TC014773
iB_05689,TC014775
iB_05690,TC014780
iB_05692,TC014783
iB_05693,TC014785
iB_05694,TC014791
iB_05695,TC014793
iB_05696,TC014795
iB_05697,TC033268
iB_05698,TC014806
iB_05699,TC014813
iB_05700,TC014817
iB_05701,TC014819
iB_05702,TC014825
iB_05702,TC032690
iB_05703,TC007144
iB_05703,TC014827
iB_05703,TC032688
iB_05703,TC032689
iB_05703,TC034951
iB_05704,TC031850
iB_05704,TC031851
iB_05705,TC031849
iB_05706,TC005274
iB_05706,TC014837
iB_05706,TC033479
iB_05707,TC014856
iB_05708,TC014860
iB_05709,TC014862
iB_05711,TC033471
iB_05712,TC033471
iB_05713,TC033468
iB_05714,TC014877
iB_05715,TC014878
iB_05716,TC014884
iB_05717,TC014885
iB_05718,TC014886
iB_05719,TC014887
iB_05720,TC033460
iB_05721,TC014897
iB_05722,TC014907
iB_05722,TC033469
iB_05723,TC033446
iB_05723,TC033447
iB_05724,TC014927
iB_05725,TC014930
iB_05726,TC009497
iB_05726,TC014931
iB_05727,TC014939
iB_05728,TC034744
iB_05729,TC014955
iB_05731,TC014963
iB_05733,TC014973
iB_05734,TC014974
iB_05735,TC014975
iB_05736,TC014979
iB_05737,TC014988
iB_05738,TC014994
iB_05739,TC015004
iB_05739,TC030908
iB_05740,TC015006
iB_05740,TC015007
iB_05740,TC015008
iB_05740,TC015681
iB_05741,TC015020
iB_05741,TC030909
iB_05742,TC015021
iB_05743,TC015026
iB_05743,TC015667
iB_05745,TC033414
iB_05746,TC015062
iB_05747,TC015075
iB_05748,TC015076
iB_05749,TC015083
iB_05750,TC015089
iB_05751,TC015109
iB_05752,TC033398
iB_05753,TC034736
iB_05754,TC015120
iB_05755,TC033382
iB_05756,TC015127
iB_05757,TC015129
iB_05758,TC015132
iB_05759,TC033376
iB_05760,TC015145
iB_05761,TC015148
iB_05761,TC016074
iB_05761,TC031345
iB_05762,TC015150
iB_05763,TC015151
iB_05764,TC015154
iB_05765,TC015155
iB_05767,TC015163
iB_05768,TC015172
iB_05769,TC034727
iB_05770,TC034726
iB_05771,TC015187
iB_05771,TC015527
iB_05772,TC015198
iB_05773,TC015200
iB_05774,TC015204
iB_05775,TC015206
iB_05776,TC015207
iB_05777,TC015208
iB_05778,TC015209
iB_05779,TC015213
iB_05780,TC034086
iB_05781,TC015228
iB_05781,TC033891
iB_05781,TC034815
iB_05782,TC015235
iB_05783,TC015237
iB_05784,TC015238
iB_05785,TC015248
iB_05786,TC030898
iB_05786,TC034095
iB_05787,TC011028
iB_05787,TC011029
iB_05787,TC011456
iB_05787,TC015255
iB_05789,TC015268
iB_05790,TC033335
iB_05791,TC015292
iB_05792,TC015295
iB_05793,TC034720
iB_05794,TC015308
iB_05795,TC015326
iB_05796,TC015327
iB_05797,TC015329
iB_05798,TC015334
iB_05799,TC015349
iB_05800,TC015351
iB_05801,TC015353
iB_05802,TC015354
iB_05803,TC015356
iB_05804,TC015364
iB_05805,TC034713
iB_05806,TC033300
iB_05807,TC015378
iB_05808,TC015384
iB_05809,TC015393
iB_05810,TC015394
iB_05811,TC015399
iB_05812,TC015405
iB_05813,TC015407
iB_05814,TC015411
iB_05815,TC015432
iB_05816,TC015433
iB_05817,TC015439
iB_05818,TC015447
iB_05819,TC033338
iB_05820,TC033340
iB_05821,TC030897
iB_05822,TC015464
iB_05823,TC015472
iB_05824,TC015475
iB_05825,TC015477
iB_05826,TC015492
iB_05827,TC030899
iB_05828,TC015502
iB_05829,TC015508
iB_05830,TC015515
iB_05831,TC015517
iB_05832,TC033354
iB_05833,TC015522
iB_05834,TC030900
iB_05835,TC015530
iB_05836,TC015542
iB_05837,TC015544
iB_05838,TC015546
iB_05840,TC015564
iB_05842,TC015576
iB_05843,TC015580
iB_05844,TC015593
iB_05845,TC033401
iB_05846,TC015598
iB_05847,TC033405
iB_05848,TC015608
iB_05849,TC015617
iB_05850,TC015618
iB_05851,TC015620
iB_05852,TC015629
iB_05853,TC015631
iB_05855,TC033411
iB_05856,TC015640
iB_05857,TC015642
iB_05858,TC015648
iB_05859,TC015649
iB_05860,TC015650
iB_05861,TC015652
iB_05862,TC015658
iB_05863,TC015661
iB_05864,TC015667
iB_05865,TC015668
iB_05867,TC015676
iB_05868,TC015681
iB_05869,TC030908
iB_05870,TC015686
iB_05871,TC015688
iB_05872,TC015689
iB_05873,TC015690
iB_05874,TC015692
iB_05875,TC033427
iB_05876,TC015696
iB_05877,TC015698
iB_05878,TC015705
iB_05879,TC030910
iB_05880,TC015712
iB_05881,TC033429
iB_05882,TC015717
iB_05883,TC015718
iB_05884,TC015719
iB_05885,TC015721
iB_05886,TC015742
iB_05886,TC015743
iB_05887,TC015746
iB_05888,TC030911
iB_05889,TC015756
iB_05890,TC030912
iB_05891,TC030912
iB_05892,TC015760
iB_05893,TC015782
iB_05893,TC015783
iB_05894,TC015784
iB_05895,TC033450
iB_05896,TC033450
iB_05897,TC015802
iB_05898,TC015804
iB_05899,TC015805
iB_05900,TC015809
iB_05901,TC015812
iB_05902,TC015814
iB_05903,TC015821
iB_05904,TC015829
iB_05905,TC015830
iB_05906,TC015834
iB_05907,TC033463
iB_05908,TC015839
iB_05909,TC015841
iB_05910,TC015843
iB_05911,TC015844
iB_05912,TC015852
iB_05913,TC015853
iB_05914,TC015854
iB_05915,TC015855
iB_05916,TC015859
iB_05917,TC015866
iB_05917,TC032707
iB_05917,TC035015
iB_05918,TC015879
iB_05919,TC015880
iB_05920,TC015882
iB_05921,TC035037
iB_05922,TC031190
iB_05923,TC015907
iB_05924,TC033612
iB_05925,TC015920
iB_05926,TC033615
iB_05927,TC015943
iB_05928,TC015944
iB_05929,TC015946
iB_05931,TC015951
iB_05932,TC015958
iB_05933,TC015972
iB_05934,TC015975
iB_05935,TC015976
iB_05936,TC015978
iB_05938,TC015989
iB_05938,TC016156
iB_05938,TC034815
iB_05939,TC015990
iB_05940,TC015994
iB_05942,TC031853
iB_05943,TC016023
iB_05944,TC031710
iB_05946,TC031823
iB_05947,TC016035
iB_05947,TC031818
iB_05948,TC016033
iB_05948,TC016042
iB_05949,TC016044
iB_05950,TC004193
iB_05950,TC005019
iB_05950,TC016049
iB_05950,TC031650
iB_05950,TC031715
iB_05951,TC016058
iB_05952,TC031489
iB_05955,TC010227
iB_05955,TC014855
iB_05955,TC016076
iB_05955,TC033931
iB_05956,TC031339
iB_05957,TC016087
iB_05958,TC016104
iB_05959,TC016122
iB_05960,TC016125
iB_05961,TC016126
iB_05962,TC016127
iB_05963,TC001812
iB_05963,TC006893
iB_05963,TC006957
iB_05963,TC016011
iB_05963,TC031897
iB_05963,TC034917
iB_05964,TC008582
iB_05964,TC016160
iB_05964,TC016388
iB_05965,TC016161
iB_05966,TC031973
iB_05967,TC016172
iB_05968,TC016173
iB_05969,TC008582
iB_05969,TC016174
iB_05969,TC016388
iB_05969,TC031615
iB_05970,TC016191
iB_05971,TC016200
iB_05972,TC031421
iB_05973,TC016203
iB_05974,TC016205
iB_05975,TC016207
iB_05976,TC016210
iB_05977,TC031426
iB_05978,TC016225
iB_05979,TC016196
iB_05979,TC016232
iB_05980,TC016245
iB_05981,TC016251
iB_05982,TC016256
iB_05983,TC016270
iB_05984,TC016271
iB_05985,TC016273
iB_05986,TC016278
iB_05988,TC034367
iB_05989,TC016291
iB_05990,TC034370
iB_05991,TC016297
iB_05992,TC016299
iB_05993,TC016301
iB_05994,TC016304
iB_05995,TC016307
iB_05996,TC016311
iB_05997,TC016312
iB_05998,TC034679
iB_05999,TC016320
iB_06000,TC016321
iB_06001,TC016322
iB_06002,TC032556
iB_06003,TC016337
iB_06004,TC016342
iB_06005,TC016345
iB_06006,TC016348
iB_06007,TC016363
iB_06008,TC016368
iB_06009,TC033672
iB_06011,TC016387
iB_06012,TC016390
iB_06013,TC016394
iB_06014,TC016399
iB_06015,TC016414
iB_06016,TC016415
iB_06017,TC031984
iB_06018,TC033011
iB_06019,TC030103
iB_06020,TC030104
iB_06021,TC030122
iB_06022,TC034138
iB_06023,TC030196
iB_06025,TC030464
iB_06026,TC030465
iB_06027,TC031640
iB_06028,TC030545
iB_06029,TC030561
iB_06030,TC030573
iB_06031,TC030580
iB_06032,TC030585
iB_06033,TC030588
iB_06034,TC030595
iB_06035,TC030596
iB_06036,TC030598
iB_06037,TC030599
iB_06038,TC030601
iB_06040,TC030609
iB_06041,TC033053
iB_06042,TC032389
iB_06043,TC030643
iB_06044,TC030648
iB_06045,TC030661
iB_06046,TC030668
iB_06047,TC032038
iB_06048,TC030683
iB_06049,TC030701
iB_06050,TC030673
iB_06050,TC030708
iB_06051,TC033855
iB_06052,TC032674
iB_06053,TC034719
iB_06054,TC031238
iB_06055,TC030729
iB_06056,TC030730
iB_06057,TC030733
iB_06058,TC030738
iB_06059,TC032139
iB_06060,TC030748
iB_06061,TC030749
iB_06062,TC030750
iB_06063,TC030759
iB_06064,TC032011
iB_06066,TC030775
iB_06067,TC030776
iB_06068,TC030778
iB_06069,TC030780
iB_06069,TC032762
iB_06070,TC030784
iB_06071,TC030785
iB_06072,TC030877
iB_06073,TC004238
iB_06074,TC008567
iB_06075,TC008567
iB_06076,TC006967
iB_06077,TC005087
iB_06078,TC004295
iB_06080,TC032689
iB_06081,TC005190
iB_06082,TC030935
iB_06083,TC034520
iB_06084,TC001438
iB_06085,TC001437
iB_06086,TC005119
iB_06086,TC030948
iB_06087,TC002280
iB_06088,TC031677
iB_06089,TC031683
iB_06090,TC002262
iB_06091,TC004110
iB_06092,TC031629
iB_06093,TC002065
iB_06094,TC031635
iB_06096,TC005288
iB_06097,TC010229
iB_06098,TC031747
iB_06099,TC006857
iB_06100,TC032986
iB_06101,TC002351
iB_06102,TC002345
iB_06103,TC002360
iB_06104,TC002367
iB_06106,TC034514
iB_06107,TC034515
iB_06108,TC001888
iB_06109,TC031922
iB_06110,TC030965
iB_06111,TC010481
iB_06112,TC010477
iB_06113,TC004407
iB_06114,TC031811
iB_06115,TC006979
iB_06116,TC006994
iB_06117,TC035002
iB_06118,TC001982
iB_06119,TC006824
iB_06119,TC030971
iB_06122,TC000060
iB_06124,TC000142
iB_06125,TC000237
iB_06126,TC000492
iB_06126,TC030998
iB_06127,TC034559
iB_06128,TC000562
iB_06129,TC000746
iB_06132,TC001002
iB_06133,TC000530
iB_06133,TC001042
iB_06134,TC001091
iB_06135,TC001107
iB_06138,TC001322
iB_06139,TC001383
iB_06140,TC001636
iB_06141,TC001704
iB_06142,TC001741
iB_06143,TC001937
iB_06144,TC002128
iB_06146,TC033926
iB_06148,TC002427
iB_06150,TC002666
iB_06151,TC002697
iB_06152,TC002710
iB_06153,TC032448
iB_06154,TC002897
iB_06155,TC002945
iB_06156,TC002980
iB_06158,TC003119
iB_06159,TC003245
iB_06160,TC003253
iB_06161,TC003333
iB_06162,TC002934
iB_06162,TC003501
iB_06163,TC003540
iB_06164,TC003711
iB_06165,TC003750
iB_06168,TC031066
iB_06169,TC003954
iB_06170,TC003956
iB_06171,TC034635
iB_06173,TC034856
iB_06175,TC004379
iB_06176,TC004432
iB_06177,TC004469
iB_06178,TC004499
iB_06179,TC004512
iB_06180,TC004552
iB_06181,TC004600
iB_06182,TC031467
iB_06183,TC004708
iB_06184,TC004721
iB_06185,TC004727
iB_06186,TC031969
iB_06187,TC004893
iB_06188,TC004932
iB_06189,TC004933
iB_06190,TC005011
iB_06191,TC005164
iB_06193,TC005230
iB_06193,TC032002
iB_06195,TC005430
iB_06196,TC034108
iB_06197,TC005615
iB_06198,TC005696
iB_06199,TC034075
iB_06200,TC005733
iB_06201,TC005735
iB_06203,TC005829
iB_06204,TC034017
iB_06205,TC034824
iB_06206,TC005977
iB_06207,TC033981
iB_06209,TC003773
iB_06209,TC006077
iB_06209,TC033939
iB_06210,TC006244
iB_06212,TC006297
iB_06213,TC006372
iB_06214,TC006401
iB_06215,TC006425
iB_06216,TC006457
iB_06217,TC006485
iB_06218,TC006534
iB_06219,TC006544
iB_06221,TC006709
iB_06222,TC006739
iB_06223,TC034179
iB_06224,TC006780
iB_06227,TC007072
iB_06228,TC007083
iB_06229,TC007093
iB_06230,TC007170
iB_06231,TC034661
iB_06232,TC031111
iB_06233,TC007299
iB_06234,TC007307
iB_06235,TC007326
iB_06235,TC031105
iB_06236,TC032825
iB_06237,TC032817
iB_06239,TC031587
iB_06239,TC032775
iB_06239,TC032776
iB_06240,TC007644
iB_06241,TC007720
iB_06242,TC007786
iB_06243,TC007862
iB_06244,TC032760
iB_06245,TC007942
iB_06246,TC008000
iB_06247,TC008092
iB_06248,TC008099
iB_06249,TC008111
iB_06250,TC032822
iB_06252,TC008156
iB_06253,TC008237
iB_06254,TC008283
iB_06255,TC007131
iB_06255,TC008349
iB_06256,TC008519
iB_06257,TC008703
iB_06260,TC008819
iB_06261,TC033721
iB_06262,TC009025
iB_06263,TC009066
iB_06264,TC009249
iB_06265,TC033567
iB_06266,TC009281
iB_06267,TC009308
iB_06268,TC009310
iB_06269,TC009327
iB_06270,TC009413
iB_06271,TC009444
iB_06272,TC009445
iB_06272,TC033518
iB_06274,TC033570
iB_06275,TC009611
iB_06276,TC009721
iB_06277,TC033678
iB_06278,TC009829
iB_06279,TC009896
iB_06280,TC009980
iB_06280,TC031207
iB_06281,TC009993
iB_06282,TC009996
iB_06283,TC010030
iB_06284,TC010103
iB_06285,TC010369
iB_06286,TC010388
iB_06287,TC010444
iB_06288,TC010461
iB_06289,TC011101
iB_06290,TC011163
iB_06292,TC011630
iB_06293,TC011762
iB_06293,TC012730
iB_06294,TC011842
iB_06295,TC011940
iB_06296,TC011970
iB_06297,TC011992
iB_06298,TC034248
iB_06299,TC034237
iB_06300,TC034861
iB_06301,TC012375
iB_06303,TC012524
iB_06304,TC034425
iB_06305,TC012682
iB_06306,TC012760
iB_06307,TC012765
iB_06308,TC034457
iB_06309,TC012810
iB_06310,TC013036
iB_06311,TC013182
iB_06312,TC013212
iB_06313,TC013347
iB_06314,TC013372
iB_06315,TC013773
iB_06316,TC013789
iB_06318,TC013975
iB_06319,TC014005
iB_06320,TC014079
iB_06322,TC014120
iB_06323,TC014174
iB_06324,TC014187
iB_06326,TC030884
iB_06327,TC014283
iB_06328,TC014297
iB_06329,TC014362
iB_06330,TC014458
iB_06331,TC014479
iB_06332,TC033174
iB_06333,TC014550
iB_06334,TC033242
iB_06335,TC014726
iB_06336,TC014763
iB_06337,TC014779
iB_06338,TC014804
iB_06339,TC014880
iB_06340,TC014919
iB_06341,TC014920
iB_06342,TC014947
iB_06342,TC030912
iB_06343,TC015197
iB_06344,TC015397
iB_06345,TC015406
iB_06347,TC015496
iB_06349,TC015566
iB_06350,TC015600
iB_06352,TC015622
iB_06353,TC015699
iB_06354,TC015749
iB_06355,TC005141
iB_06355,TC015753
iB_06357,TC015766
iB_06358,TC015771
iB_06359,TC015905
iB_06360,TC015929
iB_06361,TC031492
iB_06362,TC016196
iB_06363,TC031427
iB_06364,TC016222
iB_06365,TC034365
iB_06366,TC016383
iB_06367,TC030543
iB_06368,TC030563
iB_06368,TC031253
iB_06369,TC005470
iB_06370,TC000853
iB_06371,TC006656
iB_06373,TC031290
iB_06375,TC006690
iB_06376,TC006692
iB_06377,TC005433
iB_06378,TC000856
iB_06379,TC034172
iB_06380,TC005427
iB_06381,TC006719
iB_06383,TC006727
iB_06385,TC006743
iB_06386,TC006753
iB_06387,TC005396
iB_06388,TC006760
iB_06389,TC032086
iB_06390,TC006771
iB_06391,TC006788
iB_06392,TC006793
iB_06393,TC005331
iB_06393,TC006800
iB_06394,TC006806
iB_06395,TC006807
iB_06396,TC006808
iB_06397,TC006809
iB_06398,TC005315
iB_06399,TC006814
iB_06400,TC031293
iB_06401,TC006818
iB_06402,TC000871
iB_06403,TC001850
iB_06403,TC012247
iB_06404,TC011204
iB_06404,TC031357
iB_06405,TC012258
iB_06406,TC012196
iB_06407,TC000874
iB_06408,TC012269
iB_06409,TC012274
iB_06410,TC012275
iB_06411,TC012183
iB_06412,TC012279
iB_06413,TC012172
iB_06414,TC012305
iB_06415,TC012307
iB_06416,TC012308
iB_06417,TC032094
iB_06418,TC034250
iB_06419,TC012316
iB_06420,TC034295
iB_06421,TC004316
iB_06423,TC034256
iB_06424,TC034263
iB_06425,TC001942
iB_06426,TC001916
iB_06427,TC034274
iB_06428,TC034275
iB_06429,TC031230
iB_06430,TC034280
iB_06431,TC034859
iB_06432,TC005215
iB_06434,TC005161
iB_06434,TC034295
iB_06435,TC012136
iB_06436,TC012336
iB_06438,TC012344
iB_06439,TC012124
iB_06440,TC012123
iB_06442,TC000668
iB_06443,TC012106
iB_06444,TC012098
iB_06445,TC012094
iB_06448,TC000663
iB_06448,TC032100
iB_06449,TC012055
iB_06450,TC012425
iB_06451,TC000894
iB_06452,TC012041
iB_06453,TC034332
iB_06454,TC012037
iB_06455,TC012436
iB_06456,TC012443
iB_06457,TC012019
iB_06459,TC012468
iB_06460,TC012014
iB_06461,TC031238
iB_06462,TC034347
iB_06463,TC010666
iB_06464,TC010646
iB_06465,TC010675
iB_06466,TC010679
iB_06469,TC012484
iB_06470,TC012505
iB_06471,TC011972
iB_06472,TC012508
iB_06473,TC034364
iB_06474,TC032110
iB_06475,TC016279
iB_06476,TC016289
iB_06477,TC032111
iB_06478,TC034375
iB_06479,TC012523
iB_06480,TC012526
iB_06481,TC011950
iB_06482,TC012539
iB_06482,TC034381
iB_06483,TC030657
iB_06484,TC011946
iB_06485,TC011945
iB_06486,TC012545
iB_06487,TC012553
iB_06488,TC012554
iB_06489,TC034392
iB_06490,TC000934
iB_06491,TC012572
iB_06493,TC034884
iB_06494,TC034395
iB_06495,TC011618
iB_06496,TC011905
iB_06497,TC012623
iB_06498,TC011886
iB_06499,TC012639
iB_06500,TC034422
iB_06501,TC012652
iB_06502,TC000638
iB_06502,TC032115
iB_06503,TC011843
iB_06504,TC012665
iB_06504,TC034426
iB_06505,TC011831
iB_06506,TC012678
iB_06507,TC000635
iB_06508,TC011815
iB_06510,TC011807
iB_06511,TC034437
iB_06512,TC011797
iB_06513,TC012702
iB_06514,TC011785
iB_06515,TC011774
iB_06516,TC011760
iB_06517,TC011759
iB_06518,TC011745
iB_06519,TC034446
iB_06520,TC034891
iB_06521,TC011733
iB_06522,TC011732
iB_06523,TC034453
iB_06524,TC011692
iB_06525,TC011691
iB_06526,TC012801
iB_06527,TC012803
iB_06527,TC031250
iB_06528,TC000961
iB_06529,TC012809
iB_06530,TC011651
iB_06531,TC011639
iB_06532,TC011636
iB_06535,TC011621
iB_06536,TC011620
iB_06537,TC034396
iB_06538,TC034482
iB_06539,TC034896
iB_06540,TC012873
iB_06541,TC012881
iB_06542,TC004686
iB_06543,TC004690
iB_06544,TC004691
iB_06546,TC004697
iB_06547,TC031462
iB_06548,TC000612
iB_06549,TC034512
iB_06550,TC011543
iB_06551,TC034580
iB_06552,TC011548
iB_06553,TC000972
iB_06554,TC031476
iB_06555,TC004704
iB_06556,TC004651
iB_06557,TC001618
iB_06558,TC001615
iB_06559,TC030879
iB_06560,TC032121
iB_06561,TC001604
iB_06562,TC001632
iB_06563,TC001639
iB_06564,TC004132
iB_06565,TC004131
iB_06566,TC004127
iB_06567,TC004125
iB_06568,TC004122
iB_06569,TC004158
iB_06570,TC031487
iB_06571,TC004115
iB_06572,TC016051
iB_06573,TC031493
iB_06574,TC030731
iB_06575,TC034518
iB_06576,TC013620
iB_06577,TC013617
iB_06578,TC014197
iB_06579,TC014200
iB_06580,TC031501
iB_06581,TC031505
iB_06582,TC014217
iB_06583,TC031508
iB_06584,TC014236
iB_06586,TC013566
iB_06587,TC014244
iB_06588,TC014245
iB_06589,TC034524
iB_06590,TC031515
iB_06591,TC004720
iB_06592,TC004722
iB_06593,TC004635
iB_06594,TC005173
iB_06595,TC005170
iB_06596,TC031524
iB_06597,TC000593
iB_06598,TC005185
iB_06599,TC005186
iB_06600,TC010832
iB_06601,TC010812
iB_06604,TC000589
iB_06606,TC010782
iB_06608,TC010881
iB_06610,TC031547
iB_06612,TC031560
iB_06614,TC034529
iB_06615,TC004611
iB_06616,TC004766
iB_06617,TC004769
iB_06619,TC031557
iB_06620,TC004794
iB_06621,TC000578
iB_06622,TC011302
iB_06623,TC004799
iB_06624,TC004578
iB_06625,TC010212
iB_06625,TC034537
iB_06626,TC031568
iB_06627,TC001712
iB_06629,TC034533
iB_06631,TC001694
iB_06632,TC031583
iB_06633,TC031257
iB_06634,TC033898
iB_06635,TC001001
iB_06639,TC008565
iB_06640,TC000565
iB_06641,TC005086
iB_06643,TC000560
iB_06644,TC031895
iB_06644,TC034939
iB_06645,TC002100
iB_06646,TC032133
iB_06648,TC004076
iB_06649,TC004299
iB_06651,TC031216
iB_06651,TC033889
iB_06652,TC004274
iB_06653,TC033605
iB_06654,TC006895
iB_06656,TC001451
iB_06657,TC001448
iB_06659,TC012910
iB_06660,TC016011
iB_06661,TC004090
iB_06661,TC006479
iB_06661,TC032776
iB_06661,TC034100
iB_06661,TC034674
iB_06662,TC031791
iB_06663,TC031792
iB_06664,TC031673
iB_06665,TC002285
iB_06666,TC031675
iB_06667,TC002281
iB_06668,TC000544
iB_06669,TC016124
iB_06671,TC004103
iB_06673,TC005276
iB_06674,TC002070
iB_06675,TC031633
iB_06677,TC031075
iB_06680,TC002055
iB_06680,TC031637
iB_06681,TC031638
iB_06682,TC031641
iB_06683,TC033400
iB_06684,TC001909
iB_06684,TC004346
iB_06684,TC031767
iB_06684,TC032956
iB_06684,TC034492
iB_06684,TC034914
iB_06685,TC034953
iB_06687,TC010228
iB_06688,TC001037
iB_06689,TC012896
iB_06690,TC012898
iB_06691,TC010611
iB_06692,TC001405
iB_06692,TC034535
iB_06693,TC031709
iB_06697,TC002243
iB_06698,TC002240
iB_06698,TC031127
iB_06699,TC034678
iB_06700,TC010699
iB_06701,TC002352
iB_06701,TC002356
iB_06702,TC002358
iB_06703,TC002349
iB_06704,TC002363
iB_06705,TC002341
iB_06706,TC002371
iB_06707,TC000527
iB_06708,TC004264
iB_06708,TC034662
iB_06709,TC001864
iB_06710,TC001863
iB_06711,TC001862
iB_06712,TC031879
iB_06713,TC034996
iB_06714,TC001047
iB_06715,TC001049
iB_06716,TC031805
iB_06717,TC011562
iB_06718,TC032600
iB_06720,TC004408
iB_06721,TC004404
iB_06722,TC034616
iB_06724,TC006987
iB_06725,TC006990
iB_06726,TC006991
iB_06727,TC006992
iB_06728,TC006978
iB_06729,TC006976
iB_06731,TC031877
iB_06732,TC010561
iB_06734,TC031844
iB_06734,TC034225
iB_06735,TC031831
iB_06736,TC031832
iB_06737,TC001054
iB_06737,TC031906
iB_06737,TC034967
iB_06738,TC034946
iB_06739,TC006823
iB_06740,TC006821
iB_06741,TC034915
iB_06742,TC016393
iB_06743,TC031072
iB_06744,TC006953
iB_06745,TC006951
iB_06746,TC015964
iB_06746,TC033808
iB_06747,TC001523
iB_06748,TC031941
iB_06749,TC032155
iB_06750,TC001543
iB_06751,TC004254
iB_06751,TC009800
iB_06752,TC016037
iB_06753,TC031821
iB_06754,TC032157
iB_06755,TC016033
iB_06756,TC008547
iB_06757,TC031782
iB_06758,TC011309
iB_06760,TC034527
iB_06761,TC001073
iB_06762,TC032976
iB_06763,TC001074
iB_06764,TC000501
iB_06765,TC001497
iB_06765,TC016050
iB_06765,TC031843
iB_06765,TC031910
iB_06766,TC015970
iB_06767,TC031885
iB_06768,TC031865
iB_06769,TC031827
iB_06770,TC010682
iB_06770,TC031084
iB_06770,TC032277
iB_06770,TC034935
iB_06771,TC001856
iB_06771,TC004348
iB_06771,TC004349
iB_06771,TC005152
iB_06771,TC010687
iB_06771,TC031775
iB_06771,TC031873
iB_06773,TC032165
iB_06774,TC031905
iB_06774,TC031906
iB_06774,TC032151
iB_06774,TC034966
iB_06775,TC030940
iB_06776,TC001087
iB_06778,TC001088
iB_06779,TC004179
iB_06779,TC006905
iB_06779,TC009273
iB_06779,TC010393
iB_06779,TC015454
iB_06779,TC031165
iB_06780,TC005192
iB_06781,TC006890
iB_06782,TC006904
iB_06782,TC032660
iB_06783,TC031836
iB_06784,TC003932
iB_06784,TC031603
iB_06784,TC034634
iB_06785,TC000472
iB_06785,TC032166
iB_06786,TC004403
iB_06786,TC009507
iB_06786,TC031174
iB_06786,TC032711
iB_06786,TC033509
iB_06787,TC034957
iB_06788,TC001098
iB_06789,TC004188
iB_06789,TC014952
iB_06790,TC001101
iB_06792,TC032172
iB_06793,TC001111
iB_06795,TC000441
iB_06796,TC001134
iB_06798,TC011315
iB_06800,TC011316
iB_06802,TC000418
iB_06803,TC001151
iB_06804,TC000395
iB_06806,TC000393
iB_06807,TC001165
iB_06808,TC032196
iB_06809,TC001171
iB_06810,TC001173
iB_06814,TC000366
iB_06815,TC000365
iB_06816,TC000361
iB_06817,TC001197
iB_06818,TC000350
iB_06819,TC001223
iB_06820,TC001230
iB_06822,TC000313
iB_06823,TC001250
iB_06824,TC032225
iB_06826,TC001255
iB_06827,TC001256
iB_06828,TC032236
iB_06829,TC001268
iB_06830,TC001271
iB_06831,TC032238
iB_06833,TC031006
iB_06838,TC034566
iB_06839,TC032248
iB_06840,TC000250
iB_06841,TC001306
iB_06842,TC032252
iB_06843,TC001309
iB_06844,TC001316
iB_06845,TC001317
iB_06846,TC001325
iB_06847,TC001326
iB_06849,TC011237
iB_06851,TC001336
iB_06854,TC001352
iB_06855,TC011151
iB_06856,TC000184
iB_06857,TC001360
iB_06859,TC032269
iB_06860,TC001372
iB_06861,TC001375
iB_06862,TC001377
iB_06866,TC032286
iB_06867,TC003235
iB_06868,TC003208
iB_06869,TC003248
iB_06870,TC003193
iB_06871,TC003270
iB_06872,TC003271
iB_06873,TC003272
iB_06874,TC032295
iB_06875,TC003172
iB_06876,TC003170
iB_06877,TC003293
iB_06879,TC003307
iB_06880,TC011346
iB_06881,TC003155
iB_06883,TC003312
iB_06884,TC003315
iB_06885,TC032309
iB_06886,TC032308
iB_06887,TC003320
iB_06888,TC003138
iB_06889,TC003325
iB_06890,TC003136
iB_06891,TC003135
iB_06892,TC003109
iB_06895,TC032327
iB_06897,TC003363
iB_06898,TC011349
iB_06899,TC032340
iB_06900,TC032341
iB_06901,TC003371
iB_06902,TC032347
iB_06903,TC001558
iB_06904,TC001546
iB_06905,TC032356
iB_06906,TC003057
iB_06907,TC003054
iB_06907,TC003381
iB_06908,TC011352
iB_06909,TC032357
iB_06910,TC003032
iB_06911,TC003032
iB_06911,TC032361
iB_06912,TC003027
iB_06913,TC003396
iB_06914,TC003397
iB_06915,TC011124
iB_06916,TC003403
iB_06918,TC032368
iB_06919,TC003416
iB_06920,TC003420
iB_06921,TC032369
iB_06922,TC003445
iB_06923,TC003451
iB_06924,TC032381
iB_06925,TC002977
iB_06926,TC002973
iB_06927,TC003468
iB_06928,TC003478
iB_06929,TC011234
iB_06930,TC003484
iB_06931,TC003488
iB_06932,TC003492
iB_06933,TC003494
iB_06936,TC003497
iB_06937,TC032397
iB_06938,TC032398
iB_06939,TC003509
iB_06940,TC032400
iB_06941,TC011105
iB_06942,TC002922
iB_06943,TC002921
iB_06943,TC003522
iB_06944,TC003532
iB_06945,TC002909
iB_06947,TC002907
iB_06949,TC002903
iB_06950,TC002890
iB_06951,TC002889
iB_06952,TC011099
iB_06953,TC032414
iB_06954,TC002880
iB_06955,TC032416
iB_06956,TC011098
iB_06957,TC011097
iB_06958,TC032421
iB_06959,TC003587
iB_06961,TC002845
iB_06961,TC003592
iB_06961,TC004212
iB_06961,TC004213
iB_06961,TC005206
iB_06962,TC002842
iB_06963,TC002830
iB_06964,TC032427
iB_06966,TC011381
iB_06968,TC032433
iB_06969,TC032434
iB_06970,TC032437
iB_06972,TC032453
iB_06973,TC003635
iB_06973,TC016332
iB_06974,TC011092
iB_06975,TC032457
iB_06977,TC000081
iB_06978,TC000089
iB_06979,TC000098
iB_06980,TC000104
iB_06981,TC000105
iB_06982,TC011086
iB_06983,TC000063
iB_06985,TC000059
iB_06986,TC000126
iB_06987,TC011085
iB_06988,TC000129
iB_06989,TC000131
iB_06990,TC000132
iB_06991,TC000046
iB_06991,TC000133
iB_06992,TC000136
iB_06993,TC000143
iB_06994,TC032478
iB_06995,TC003652
iB_06996,TC002775
iB_06997,TC003672
iB_06999,TC031394
iB_07000,TC031395
iB_07001,TC003696
iB_07001,TC031044
iB_07002,TC003697
iB_07004,TC003712
iB_07005,TC003714
iB_07006,TC002709
iB_07007,TC002708
iB_07007,TC032496
iB_07008,TC002702
iB_07008,TC031047
iB_07010,TC010525
iB_07012,TC032513
iB_07014,TC011080
iB_07016,TC032520
iB_07017,TC011399
iB_07018,TC010552
iB_07019,TC011078
iB_07020,TC000024
iB_07021,TC002688
iB_07022,TC002686
iB_07023,TC002681
iB_07024,TC002674
iB_07025,TC002668
iB_07026,TC002667
iB_07027,TC002665
iB_07028,TC000396
iB_07028,TC003015
iB_07028,TC003751
iB_07028,TC004908
iB_07028,TC005985
iB_07028,TC010238
iB_07028,TC010252
iB_07028,TC012257
iB_07028,TC012949
iB_07028,TC013286
iB_07028,TC014270
iB_07028,TC030989
iB_07028,TC031055
iB_07028,TC031196
iB_07028,TC031725
iB_07028,TC032219
iB_07028,TC032367
iB_07028,TC033430
iB_07028,TC033950
iB_07028,TC034244
iB_07029,TC032543
iB_07030,TC002659
iB_07031,TC002488
iB_07031,TC002658
iB_07032,TC000027
iB_07032,TC000029
iB_07032,TC002293
iB_07032,TC002624
iB_07032,TC002649
iB_07032,TC003774
iB_07032,TC003783
iB_07032,TC003789
iB_07032,TC003806
iB_07032,TC003816
iB_07032,TC004545
iB_07032,TC005012
iB_07032,TC006161
iB_07032,TC010328
iB_07032,TC010511
iB_07032,TC010534
iB_07032,TC010540
iB_07032,TC010543
iB_07032,TC010995
iB_07032,TC011406
iB_07032,TC012447
iB_07032,TC014863
iB_07032,TC014887
iB_07032,TC014935
iB_07032,TC014987
iB_07032,TC015826
iB_07032,TC015831
iB_07032,TC016314
iB_07032,TC030598
iB_07032,TC031055
iB_07032,TC031115
iB_07032,TC031216
iB_07032,TC031335
iB_07032,TC031744
iB_07032,TC031981
iB_07032,TC032545
iB_07032,TC032549
iB_07032,TC032589
iB_07032,TC032593
iB_07032,TC032986
iB_07032,TC033461
iB_07032,TC033925
iB_07032,TC033978
iB_07032,TC034325
iB_07032,TC034900
iB_07033,TC002652
iB_07034,TC002648
iB_07035,TC032551
iB_07036,TC031053
iB_07038,TC011073
iB_07039,TC031054
iB_07039,TC032555
iB_07039,TC034611
iB_07041,TC002635
iB_07043,TC003827
iB_07044,TC002599
iB_07045,TC003829
iB_07047,TC032572
iB_07048,TC003836
iB_07049,TC002587
iB_07051,TC002583
iB_07052,TC031058
iB_07053,TC003850
iB_07054,TC003852
iB_07054,TC032577
iB_07055,TC034622
iB_07056,TC002556
iB_07057,TC034625
iB_07058,TC003864
iB_07059,TC003869
iB_07060,TC003871
iB_07061,TC032584
iB_07062,TC032585
iB_07063,TC010345
iB_07064,TC032592
iB_07065,TC011417
iB_07066,TC010380
iB_07067,TC010381
iB_07068,TC011418
iB_07070,TC002134
iB_07071,TC032604
iB_07072,TC032610
iB_07073,TC002112
iB_07076,TC003876
iB_07077,TC032621
iB_07079,TC003883
iB_07081,TC002510
iB_07082,TC002495
iB_07083,TC003915
iB_07084,TC032636
iB_07085,TC003920
iB_07088,TC003940
iB_07089,TC032651
iB_07090,TC032652
iB_07092,TC003966
iB_07093,TC011435
iB_07094,TC032665
iB_07095,TC032667
iB_07096,TC003990
iB_07099,TC011046
iB_07100,TC031071
iB_07101,TC004013
iB_07103,TC007753
iB_07104,TC007738
iB_07106,TC032716
iB_07107,TC007762
iB_07110,TC007769
iB_07111,TC011045
iB_07111,TC011446
iB_07112,TC007770
iB_07114,TC016216
iB_07116,TC016213
iB_07117,TC007793
iB_07120,TC007799
iB_07123,TC007811
iB_07123,TC034645
iB_07124,TC016219
iB_07125,TC007678
iB_07126,TC007675
iB_07127,TC007674
iB_07129,TC007661
iB_07130,TC016221
iB_07131,TC032749
iB_07131,TC032750
iB_07132,TC007851
iB_07133,TC034903
iB_07134,TC007880
iB_07135,TC016223
iB_07136,TC007889
iB_07137,TC007894
iB_07140,TC007584
iB_07142,TC016226
iB_07143,TC007569
iB_07144,TC007567
iB_07145,TC007563
iB_07145,TC007939
iB_07146,TC007943
iB_07147,TC007944
iB_07149,TC007556
iB_07151,TC032779
iB_07152,TC007954
iB_07153,TC007536
iB_07154,TC007534
iB_07155,TC007976
iB_07156,TC030552
iB_07157,TC032793
iB_07158,TC008001
iB_07159,TC007491
iB_07160,TC031416
iB_07161,TC032795
iB_07162,TC031415
iB_07163,TC008014
iB_07164,TC007476
iB_07165,TC016192
iB_07166,TC031414
iB_07167,TC008023
iB_07168,TC031413
iB_07169,TC008033
iB_07170,TC011447
iB_07171,TC008060
iB_07172,TC008070
iB_07173,TC008078
iB_07175,TC011450
iB_07177,TC008129
iB_07178,TC007369
iB_07179,TC008142
iB_07180,TC008146
iB_07181,TC008147
iB_07182,TC008148
iB_07183,TC008154
iB_07187,TC032831
iB_07188,TC032832
iB_07189,TC007327
iB_07190,TC031436
iB_07191,TC008182
iB_07192,TC011455
iB_07193,TC007308
iB_07194,TC008188
iB_07195,TC001598
iB_07195,TC011490
iB_07195,TC031713
iB_07195,TC031891
iB_07195,TC031947
iB_07195,TC032837
iB_07196,TC008195
iB_07196,TC031107
iB_07197,TC008198
iB_07197,TC032838
iB_07198,TC008198
iB_07199,TC008205
iB_07200,TC032841
iB_07201,TC007261
iB_07202,TC032842
iB_07203,TC008211
iB_07204,TC032848
iB_07205,TC007254
iB_07206,TC007252
iB_07207,TC007246
iB_07208,TC011460
iB_07209,TC007236
iB_07210,TC008236
iB_07211,TC032859
iB_07212,TC032862
iB_07212,TC034665
iB_07213,TC008261
iB_07214,TC008265
iB_07215,TC008266
iB_07216,TC032865
iB_07217,TC008267
iB_07218,TC007202
iB_07219,TC007200
iB_07220,TC008274
iB_07221,TC032871
iB_07222,TC007194
iB_07223,TC008282
iB_07224,TC032879
iB_07225,TC008302
iB_07226,TC007156
iB_07227,TC008315
iB_07228,TC008318
iB_07229,TC007143
iB_07230,TC008341
iB_07231,TC011261
iB_07232,TC007141
iB_07233,TC008354
iB_07234,TC008355
iB_07235,TC032895
iB_07236,TC007114
iB_07237,TC007111
iB_07238,TC008380
iB_07239,TC007099
iB_07240,TC008384
iB_07241,TC007094
iB_07242,TC011008
iB_07242,TC011474
iB_07243,TC032947
iB_07244,TC008402
iB_07244,TC031116
iB_07244,TC032943
iB_07245,TC007086
iB_07246,TC008411
iB_07247,TC007077
iB_07248,TC008429
iB_07249,TC008435
iB_07250,TC032934
iB_07251,TC011005
iB_07251,TC030898
iB_07252,TC008443
iB_07253,TC008446
iB_07254,TC007045
iB_07255,TC007042
iB_07258,TC007016
iB_07259,TC032955
iB_07260,TC008518
iB_07261,TC007007
iB_07262,TC007002
iB_07262,TC008524
iB_07264,TC032993
iB_07265,TC016319
iB_07266,TC016310
iB_07267,TC032995
iB_07268,TC010923
iB_07269,TC010924
iB_07270,TC010925
iB_07271,TC031132
iB_07272,TC034680
iB_07273,TC010935
iB_07274,TC012429
iB_07275,TC013604
iB_07276,TC012860
iB_07277,TC034075
iB_07278,TC005618
iB_07279,TC016220
iB_07280,TC000688
iB_07281,TC003458
iB_07282,TC003529
iB_07283,TC003991
iB_07284,TC007698
iB_07285,TC008164
iB_07286,TC002342
iB_07286,TC031753
iB_07287,TC014442
iB_07288,TC014624
iB_07289,TC013085
iB_07290,TC033265
iB_07291,TC009647
iB_07292,TC009150
iB_07293,TC015911
iB_07294,TC010587
iB_07295,TC031194
iB_07296,TC009067
iB_07297,TC009858
iB_07298,TC012646
iB_07300,TC010883
iB_07301,TC015488
iB_07303,TC000996
iB_07304,TC032141
iB_07305,TC000394
iB_07309,TC007721
iB_07310,TC007912
iB_07311,TC007456
iB_07312,TC032819
iB_07313,TC008239
iB_07314,TC013670
iB_07315,TC033102
iB_07316,TC013463
iB_07318,TC009127
iB_07319,TC009730
iB_07320,TC016365
iB_07321,TC016337
iB_07321,TC033676
iB_07322,TC012118
iB_07323,TC012055
iB_07323,TC012417
iB_07324,TC012552
iB_07325,TC013593
iB_07326,TC034012
iB_07328,TC005589
iB_07329,TC005579
iB_07330,TC006566
iB_07331,TC034531
iB_07332,TC032011
iB_07333,TC015572
iB_07334,TC003419
iB_07335,TC034630
iB_07336,TC031636
iB_07337,TC007512
iB_07338,TC013188
iB_07338,TC014628
iB_07339,TC033221
iB_07340,TC033263
iB_07341,TC011537
iB_07342,TC009754
iB_07343,TC033794
iB_07344,TC031212
iB_07345,TC010208
iB_07346,TC006312
iB_07348,TC031221
iB_07348,TC031862
iB_07349,TC002253
iB_07350,TC031954
iB_07352,TC032113
iB_07353,TC001310
iB_07354,TC015656
iB_07355,TC014889
iB_07355,TC015666
iB_07357,TC007664
iB_07357,TC010295
iB_07358,TC033042
iB_07359,TC030556
iB_07360,TC015844
iB_07360,TC015845
iB_07361,TC009459
iB_07362,TC009333
iB_07362,TC033539
iB_07363,TC009074
iB_07364,TC033765
iB_07365,TC008680
iB_07367,TC034269
iB_07369,TC034288
iB_07373,TC000613
iB_07373,TC000967
iB_07375,TC000764
iB_07375,TC032039
iB_07376,TC000766
iB_07378,TC000841
iB_07379,TC001313
iB_07381,TC000161
iB_07381,TC001380
iB_07383,TC002186
iB_07383,TC031262
iB_07386,TC002322
iB_07386,TC002657
iB_07386,TC031693
iB_07388,TC003187
iB_07389,TC003219
iB_07389,TC008579
iB_07389,TC032967
iB_07391,TC003354
iB_07392,TC002995
iB_07392,TC003432
iB_07393,TC003780
iB_07394,TC032650
iB_07395,TC004944
iB_07396,TC004958
iB_07397,TC032004
iB_07398,TC006095
iB_07399,TC006448
iB_07400,TC006520
iB_07401,TC006653
iB_07402,TC007020
iB_07402,TC016154
iB_07406,TC008438
iB_07408,TC008991
iB_07408,TC031202
iB_07408,TC033716
iB_07409,TC009209
iB_07409,TC033579
iB_07411,TC009341
iB_07411,TC009473
iB_07413,TC010502
iB_07414,TC010664
iB_07416,TC031444
iB_07419,TC011345
iB_07420,TC011881
iB_07422,TC012362
iB_07423,TC012490
iB_07424,TC012629
iB_07426,TC012952
iB_07426,TC034897
iB_07429,TC013698
iB_07430,TC014076
iB_07431,TC014646
iB_07433,TC015087
iB_07434,TC015274
iB_07435,TC015409
iB_07437,TC015619
iB_07440,TC016290
iB_07442,TC031155
iB_07442,TC033212
iB_07443,TC030120
iB_07444,TC030128
iB_07446,TC030174
iB_07447,TC030181
iB_07448,TC030186
iB_07449,TC030192
iB_07449,TC032800
iB_07450,TC033816
iB_07453,TC030219
iB_07454,TC030221
iB_07455,TC011374
iB_07455,TC030235
iB_07456,TC011374
iB_07456,TC030239
iB_07457,TC030240
iB_07458,TC030242
iB_07458,TC031208
iB_07459,TC030245
iB_07459,TC031264
iB_07460,TC032262
iB_07461,TC030250
iB_07462,TC000308
iB_07462,TC030251
iB_07463,TC034136
iB_07465,TC030311
iB_07466,TC030317
iB_07468,TC030328
iB_07468,TC031292
iB_07469,TC030341
iB_07471,TC030350
iB_07472,TC030354
iB_07473,TC030358
iB_07474,TC031444
iB_07476,TC030453
iB_07479,TC006347
iB_07480,TC034052
iB_07486,TC006385
iB_07489,TC005724
iB_07490,TC006409
iB_07492,TC006412
iB_07494,TC006414
iB_07495,TC005717
iB_07498,TC031279
iB_07499,TC034082
iB_07501,TC004767
iB_07505,TC034088
iB_07506,TC034091
iB_07507,TC005673
iB_07508,TC006451
iB_07509,TC005670
iB_07510,TC011188
iB_07512,TC004610
iB_07515,TC034096
iB_07516,TC005653
iB_07516,TC006466
iB_07518,TC006477
iB_07519,TC006482
iB_07520,TC034102
iB_07521,TC034103
iB_07523,TC004764
iB_07524,TC006488
iB_07524,TC034105
iB_07527,TC031283
iB_07528,TC006499
iB_07529,TC006505
iB_07531,TC005581
iB_07532,TC004616
iB_07533,TC005573
iB_07535,TC006536
iB_07536,TC006542
iB_07537,TC004755
iB_07539,TC005544
iB_07542,TC005538
iB_07544,TC004622
iB_07545,TC006586
iB_07546,TC005530
iB_07551,TC034131
iB_07553,TC006627
iB_07555,TC005495
iB_07558,TC006633
iB_07561,TC034142
iB_07562,TC005484
iB_07564,TC005451
iB_07566,TC031567
iB_07571,TC006728
iB_07574,TC001724
iB_07575,TC006745
iB_07577,TC006756
iB_07578,TC006757
iB_07579,TC005394
iB_07583,TC005374
iB_07584,TC005342
iB_07585,TC006792
iB_07586,TC001743
iB_07588,TC034209
iB_07592,TC034224
iB_07594,TC012213
iB_07596,TC030304
iB_07598,TC012300
iB_07599,TC012304
iB_07600,TC012306
iB_07601,TC012164
iB_07602,TC012312
iB_07604,TC034252
iB_07605,TC030303
iB_07606,TC034857
iB_07607,TC034276
iB_07609,TC010962
iB_07614,TC012345
iB_07615,TC034302
iB_07619,TC012365
iB_07621,TC012102
iB_07622,TC012093
iB_07622,TC012392
iB_07623,TC034316
iB_07624,TC012084
iB_07627,TC034322
iB_07628,TC012045
iB_07629,TC012437
iB_07630,TC012447
iB_07631,TC012465
iB_07634,TC010671
iB_07635,TC010672
iB_07636,TC010680
iB_07637,TC012502
iB_07638,TC031589
iB_07638,TC031913
iB_07638,TC031914
iB_07640,TC012506
iB_07641,TC011971
iB_07643,TC034880
iB_07645,TC031242
iB_07647,TC004220
iB_07648,TC011954
iB_07649,TC011944
iB_07650,TC012544
iB_07654,TC005062
iB_07654,TC031594
iB_07655,TC011929
iB_07656,TC012565
iB_07657,TC012579
iB_07663,TC012601
iB_07664,TC011892
iB_07665,TC011888
iB_07668,TC011883
iB_07669,TC011879
iB_07673,TC031602
iB_07673,TC031661
iB_07673,TC032967
iB_07682,TC011826
iB_07683,TC034430
iB_07684,TC011808
iB_07685,TC011804
iB_07686,TC011798
iB_07687,TC012704
iB_07688,TC011780
iB_07690,TC011773
iB_07691,TC012727
iB_07693,TC011756
iB_07694,TC011749
iB_07695,TC012743
iB_07697,TC011722
iB_07699,TC012785
iB_07700,TC011701
iB_07701,TC001473
iB_07705,TC011678
iB_07706,TC034463
iB_07708,TC034469
iB_07709,TC012812
iB_07710,TC011650
iB_07712,TC012843
iB_07716,TC002078
iB_07717,TC034489
iB_07718,TC011605
iB_07719,TC030978
iB_07719,TC030986
iB_07720,TC002071
iB_07722,TC031644
iB_07723,TC001386
iB_07723,TC001990
iB_07723,TC010212
iB_07723,TC031847
iB_07723,TC031918
iB_07723,TC034537
iB_07724,TC031655
iB_07725,TC016413
iB_07725,TC034953
iB_07728,TC006965
iB_07728,TC031670
iB_07728,TC034914
iB_07729,TC011320
iB_07730,TC035009
iB_07732,TC030926
iB_07732,TC033925
iB_07734,TC001681
iB_07737,TC006850
iB_07738,TC031704
iB_07738,TC034202
iB_07740,TC004066
iB_07743,TC002374
iB_07744,TC002335
iB_07746,TC008551
iB_07747,TC035039
iB_07748,TC001889
iB_07749,TC003639
iB_07749,TC005995
iB_07749,TC030959
iB_07749,TC031090
iB_07749,TC031171
iB_07749,TC031178
iB_07749,TC032576
iB_07749,TC032593
iB_07749,TC033904
iB_07751,TC005135
iB_07755,TC006983
iB_07756,TC006977
iB_07757,TC004289
iB_07758,TC004296
iB_07759,TC030320
iB_07760,TC031822
iB_07762,TC012934
iB_07763,TC005246
iB_07764,TC005075
iB_07766,TC030348
iB_07767,TC001409
iB_07768,TC031845
iB_07768,TC034914
iB_07770,TC002010
iB_07770,TC031767
iB_07771,TC031861
iB_07771,TC031915
iB_07771,TC035024
iB_07772,TC011144
iB_07773,TC003852
iB_07773,TC004987
iB_07773,TC006201
iB_07773,TC007652
iB_07773,TC009905
iB_07773,TC011960
iB_07773,TC012513
iB_07773,TC012551
iB_07773,TC030923
iB_07773,TC031104
iB_07773,TC031203
iB_07773,TC032479
iB_07773,TC032589
iB_07773,TC034648
iB_07773,TC034682
iB_07773,TC034773
iB_07774,TC010568
iB_07775,TC030965
iB_07778,TC002385
iB_07780,TC011138
iB_07781,TC015983
iB_07781,TC016156
iB_07781,TC031261
iB_07781,TC031898
iB_07781,TC034815
iB_07782,TC006837
iB_07783,TC031307
iB_07783,TC031764
iB_07783,TC031904
iB_07787,TC004104
iB_07788,TC008558
iB_07788,TC012927
iB_07788,TC031763
iB_07790,TC001539
iB_07790,TC031942
iB_07792,TC001428
iB_07792,TC004412
iB_07792,TC032704
iB_07792,TC034929
iB_07793,TC011127
iB_07795,TC004849
iB_07796,TC004523
iB_07796,TC004535
iB_07798,TC004839
iB_07799,TC004834
iB_07800,TC030553
iB_07807,TC016157
iB_07810,TC031990
iB_07815,TC005009
iB_07820,TC004888
iB_07821,TC034925
iB_07822,TC004889
iB_07824,TC004470
iB_07827,TC032020
iB_07830,TC004436
iB_07833,TC004975
iB_07836,TC000781
iB_07838,TC032037
iB_07840,TC032048
iB_07841,TC032050
iB_07846,TC032062
iB_07849,TC000850
iB_07850,TC032079
iB_07852,TC000701
iB_07853,TC032093
iB_07855,TC000882
iB_07856,TC000667
iB_07860,TC000968
iB_07862,TC000593
iB_07862,TC032124
iB_07863,TC000577
iB_07864,TC000574
iB_07865,TC001004
iB_07866,TC001009
iB_07868,TC001017
iB_07869,TC001027
iB_07870,TC001033
iB_07871,TC001040
iB_07871,TC030996
iB_07872,TC000525
iB_07873,TC032153
iB_07874,TC001084
iB_07875,TC000468
iB_07876,TC001103
iB_07877,TC032171
iB_07878,TC001108
iB_07879,TC032174
iB_07881,TC001118
iB_07885,TC001152
iB_07886,TC000385
iB_07887,TC001170
iB_07888,TC011067
iB_07893,TC001200
iB_07894,TC001202
iB_07896,TC032220
iB_07897,TC032221
iB_07899,TC001240
iB_07900,TC001243
iB_07902,TC001275
iB_07903,TC001276
iB_07904,TC032241
iB_07909,TC000245
iB_07911,TC000216
iB_07915,TC000202
iB_07916,TC001349
iB_07917,TC000183
iB_07918,TC001376
iB_07919,TC015149
iB_07919,TC032275
iB_07925,TC003215
iB_07926,TC003231
iB_07929,TC003247
iB_07930,TC003196
iB_07931,TC003192
iB_07932,TC003173
iB_07934,TC003169
iB_07935,TC003142
iB_07938,TC016227
iB_07939,TC003336
iB_07940,TC016199
iB_07940,TC016227
iB_07942,TC016227
iB_07943,TC003350
iB_07944,TC032344
iB_07945,TC003370
iB_07947,TC003373
iB_07948,TC001566
iB_07949,TC032348
iB_07950,TC001561
iB_07951,TC032359
iB_07952,TC003389
iB_07953,TC003390
iB_07954,TC034898
iB_07956,TC031425
iB_07957,TC003022
iB_07958,TC003415
iB_07959,TC003418
iB_07960,TC003427
iB_07961,TC003001
iB_07962,TC003447
iB_07964,TC032382
iB_07965,TC003465
iB_07965,TC003466
iB_07966,TC002968
iB_07967,TC003476
iB_07968,TC003477
iB_07969,TC032390
iB_07970,TC002957
iB_07972,TC002940
iB_07973,TC003496
iB_07974,TC002930
iB_07975,TC002912
iB_07976,TC003545
iB_07977,TC032412
iB_07978,TC003561
iB_07980,TC003598
iB_07981,TC002838
iB_07982,TC011223
iB_07983,TC002813
iB_07985,TC002806
iB_07987,TC011037
iB_07989,TC032464
iB_07990,TC000093
iB_07991,TC000077
iB_07993,TC000103
iB_07994,TC011452
iB_07995,TC000125
iB_07997,TC000140
iB_07998,TC032479
iB_07999,TC002774
iB_08000,TC002763
iB_08001,TC011027
iB_08002,TC011026
iB_08003,TC002742
iB_08004,TC011025
iB_08005,TC032491
iB_08006,TC032492
iB_08007,TC001642
iB_08007,TC011458
iB_08008,TC002720
iB_08010,TC032499
iB_08011,TC032502
iB_08012,TC010523
iB_08013,TC011461
iB_08014,TC000031
iB_08015,TC002683
iB_08018,TC032541
iB_08020,TC002627
iB_08026,TC002585
iB_08028,TC032588
iB_08029,TC010342
iB_08032,TC010334
iB_08032,TC010377
iB_08034,TC034628
iB_08035,TC010999
iB_08036,TC002333
iB_08037,TC002142
iB_08039,TC002114
iB_08041,TC002531
iB_08041,TC032618
iB_08042,TC032620
iB_08043,TC004376
iB_08044,TC002512
iB_08044,TC003894
iB_08047,TC010473
iB_08049,TC032643
iB_08050,TC003935
iB_08051,TC032646
iB_08055,TC002437
iB_08056,TC031337
iB_08057,TC002414
iB_08058,TC016391
iB_08059,TC034947
iB_08060,TC032693
iB_08061,TC032696
iB_08063,TC004365
iB_08065,TC035013
iB_08070,TC004359
iB_08072,TC007710
iB_08074,TC032733
iB_08075,TC007802
iB_08076,TC007686
iB_08080,TC004399
iB_08082,TC007660
iB_08083,TC007659
iB_08085,TC007853
iB_08086,TC007856
iB_08088,TC032757
iB_08089,TC007616
iB_08089,TC007890
iB_08090,TC007893
iB_08091,TC007608
iB_08093,TC007919
iB_08095,TC007583
iB_08096,TC007924
iB_08097,TC007575
iB_08100,TC032789
iB_08101,TC004670
iB_08102,TC007987
iB_08103,TC007499
iB_08105,TC007492
iB_08108,TC008021
iB_08111,TC008051
iB_08113,TC008061
iB_08114,TC008066
iB_08115,TC007430
iB_08117,TC008110
iB_08119,TC004682
iB_08120,TC007382
iB_08122,TC007373
iB_08123,TC007371
iB_08125,TC007353
iB_08130,TC007337
iB_08131,TC032829
iB_08132,TC007331
iB_08135,TC008191
iB_08136,TC007288
iB_08137,TC008198
iB_08138,TC008202
iB_08139,TC011528
iB_08140,TC032846
iB_08142,TC008220
iB_08143,TC032858
iB_08146,TC007227
iB_08147,TC007223
iB_08147,TC032860
iB_08148,TC008255
iB_08150,TC007206
iB_08155,TC007177
iB_08156,TC008294
iB_08158,TC011547
iB_08160,TC008320
iB_08161,TC008324
iB_08163,TC007130
iB_08164,TC008353
iB_08167,TC008369
iB_08168,TC007036
iB_08169,TC031474
iB_08170,TC008455
iB_08171,TC007053
iB_08172,TC008448
iB_08173,TC008444
iB_08174,TC007057
iB_08175,TC007080
iB_08179,TC008383
iB_08180,TC008504
iB_08181,TC007011
iB_08184,TC013779
iB_08184,TC013787
iB_08184,TC013901
iB_08184,TC015747
iB_08184,TC030972
iB_08184,TC032006
iB_08184,TC032964
iB_08185,TC031662
iB_08185,TC031830
iB_08185,TC031979
iB_08185,TC032967
iB_08185,TC033279
iB_08188,TC030927
iB_08188,TC035030
iB_08189,TC002199
iB_08189,TC032982
iB_08189,TC033924
iB_08191,TC016317
iB_08195,TC033012
iB_08196,TC010936
iB_08198,TC010929
iB_08200,TC013916
iB_08202,TC013917
iB_08205,TC013925
iB_08207,TC001613
iB_08208,TC033023
iB_08209,TC013937
iB_08211,TC033029
iB_08214,TC001630
iB_08215,TC013832
iB_08219,TC013997
iB_08222,TC013785
iB_08223,TC014014
iB_08224,TC033047
iB_08225,TC014022
iB_08228,TC030724
iB_08230,TC014041
iB_08231,TC033056
iB_08232,TC013759
iB_08233,TC014047
iB_08234,TC014049
iB_08234,TC031140
iB_08236,TC013739
iB_08237,TC033069
iB_08238,TC013722
iB_08239,TC013713
iB_08240,TC013711
iB_08241,TC014083
iB_08242,TC013708
iB_08248,TC013687
iB_08251,TC014133
iB_08252,TC033086
iB_08254,TC014151
iB_08255,TC013654
iB_08257,TC034693
iB_08258,TC013647
iB_08259,TC013643
iB_08260,TC010431
iB_08263,TC010415
iB_08264,TC010454
iB_08265,TC010458
iB_08268,TC033103
iB_08269,TC013564
iB_08270,TC014247
iB_08272,TC014251
iB_08273,TC014257
iB_08275,TC033108
iB_08276,TC033110
iB_08277,TC014269
iB_08279,TC013532
iB_08280,TC014284
iB_08281,TC033117
iB_08282,TC013515
iB_08282,TC031144
iB_08283,TC004160
iB_08284,TC013505
iB_08285,TC014301
iB_08291,TC033127
iB_08292,TC031354
iB_08294,TC033128
iB_08296,TC014321
iB_08298,TC014327
iB_08299,TC013469
iB_08300,TC014329
iB_08301,TC013465
iB_08303,TC030655
iB_08306,TC013453
iB_08308,TC033132
iB_08313,TC013428
iB_08316,TC013422
iB_08316,TC014372
iB_08317,TC014375
iB_08319,TC014392
iB_08321,TC013410
iB_08323,TC014397
iB_08327,TC013642
iB_08331,TC014416
iB_08334,TC014424
iB_08335,TC033159
iB_08336,TC033162
iB_08338,TC030232
iB_08341,TC014459
iB_08342,TC014461
iB_08343,TC013349
iB_08344,TC013348
iB_08345,TC014468
iB_08349,TC013326
iB_08354,TC014177
iB_08356,TC013304
iB_08359,TC033184
iB_08363,TC031355
iB_08364,TC013252
iB_08365,TC033188
iB_08366,TC013235
iB_08367,TC013630
iB_08369,TC013230
iB_08370,TC014571
iB_08374,TC013217
iB_08381,TC014609
iB_08382,TC013626
iB_08383,TC013196
iB_08386,TC013193
iB_08387,TC033202
iB_08387,TC034706
iB_08390,TC014630
iB_08391,TC033205
iB_08394,TC014639
iB_08398,TC033206
iB_08402,TC014650
iB_08404,TC014659
iB_08406,TC013151
iB_08408,TC030676
iB_08410,TC014676
iB_08414,TC014691
iB_08415,TC013123
iB_08416,TC031158
iB_08421,TC014705
iB_08426,TC013084
iB_08426,TC033246
iB_08427,TC014732
iB_08430,TC014742
iB_08431,TC014750
iB_08432,TC013064
iB_08433,TC014754
iB_08436,TC013047
iB_08441,TC014770
iB_08443,TC033259
iB_08445,TC013021
iB_08447,TC033266
iB_08449,TC013006
iB_08453,TC010608
iB_08455,TC011590
iB_08455,TC030966
iB_08455,TC031589
iB_08455,TC031590
iB_08455,TC033287
iB_08455,TC034211
iB_08455,TC035004
iB_08458,TC013601
iB_08461,TC033303
iB_08466,TC033308
iB_08468,TC015328
iB_08471,TC015414
iB_08472,TC015416
iB_08474,TC033316
iB_08477,TC033318
iB_08480,TC015298
iB_08480,TC015430
iB_08482,TC033332
iB_08483,TC015441
iB_08485,TC015446
iB_08486,TC015261
iB_08488,TC033341
iB_08489,TC011028
iB_08489,TC015468
iB_08496,TC031507
iB_08499,TC015205
iB_08500,TC013585
iB_08501,TC015503
iB_08502,TC015506
iB_08503,TC015192
iB_08506,TC015537
iB_08507,TC015548
iB_08507,TC034729
iB_08509,TC033365
iB_08515,TC014226
iB_08517,TC033375
iB_08518,TC015139
iB_08524,TC030906
iB_08529,TC015614
iB_08530,TC033406
iB_08532,TC015626
iB_08533,TC015073
iB_08535,TC013573
iB_08536,TC015072
iB_08537,TC015635
iB_08539,TC015653
iB_08541,TC015048
iB_08542,TC015038
iB_08547,TC033425
iB_08548,TC015022
iB_08548,TC015671
iB_08549,TC015669
iB_08550,TC015700
iB_08551,TC015709
iB_08552,TC033431
iB_08553,TC015731
iB_08554,TC014965
iB_08554,TC015732
iB_08558,TC004734
iB_08559,TC004733
iB_08561,TC004632
iB_08565,TC014905
iB_08567,TC033454
iB_08568,TC033455
iB_08571,TC015816
iB_08572,TC015824
iB_08573,TC014894
iB_08574,TC015827
iB_08575,TC004647
iB_08577,TC033466
iB_08578,TC033467
iB_08579,TC014868
iB_08581,TC004208
iB_08581,TC031886
iB_08581,TC033297
iB_08581,TC033486
iB_08581,TC035031
iB_08581,TC035039
iB_08587,TC009420
iB_08588,TC033514
iB_08590,TC009422
iB_08594,TC009378
iB_08595,TC031360
iB_08595,TC034613
iB_08598,TC033521
iB_08599,TC009363
iB_08602,TC030257
iB_08603,TC009453
iB_08606,TC009356
iB_08607,TC009355
iB_08610,TC009340
iB_08611,TC004636
iB_08614,TC011201
iB_08615,TC009322
iB_08616,TC009490
iB_08617,TC009319
iB_08618,TC009496
iB_08619,TC009314
iB_08620,TC009309
iB_08621,TC033552
iB_08625,TC009298
iB_08626,TC009295
iB_08627,TC009290
iB_08628,TC009520
iB_08629,TC033560
iB_08629,TC034762
iB_08630,TC009282
iB_08632,TC009265
iB_08634,TC009544
iB_08638,TC009560
iB_08640,TC009562
iB_08643,TC009237
iB_08646,TC030547
iB_08647,TC009234
iB_08654,TC009210
iB_08654,TC009598
iB_08656,TC009595
iB_08657,TC030592
iB_08658,TC009178
iB_08660,TC005184
iB_08661,TC009617
iB_08662,TC009189
iB_08663,TC009615
iB_08664,TC009613
iB_08666,TC009201
iB_08667,TC009202
iB_08668,TC009606
iB_08671,TC009630
iB_08674,TC005187
iB_08675,TC009675
iB_08676,TC009673
iB_08683,TC015915
iB_08684,TC015914
iB_08685,TC015939
iB_08686,TC033620
iB_08691,TC009139
iB_08694,TC033624
iB_08695,TC033626
iB_08696,TC010833
iB_08697,TC009129
iB_08703,TC010818
iB_08704,TC030549
iB_08706,TC033657
iB_08707,TC011198
iB_08709,TC013296
iB_08710,TC034783
iB_08712,TC009731
iB_08715,TC016372
iB_08717,TC016352
iB_08718,TC016380
iB_08719,TC033673
iB_08721,TC009085
iB_08722,TC010805
iB_08725,TC009772
iB_08727,TC009049
iB_08730,TC009789
iB_08731,TC033693
iB_08732,TC009796
iB_08734,TC009803
iB_08736,TC009809
iB_08737,TC009818
iB_08739,TC009836
iB_08741,TC030102
iB_08742,TC033708
iB_08743,TC009000
iB_08744,TC033712
iB_08745,TC030702
iB_08747,TC008996
iB_08748,TC033713
iB_08749,TC033715
iB_08750,TC033716
iB_08752,TC009872
iB_08758,TC008923
iB_08759,TC034808
iB_08760,TC033755
iB_08761,TC008914
iB_08762,TC033757
iB_08763,TC010857
iB_08764,TC009935
iB_08767,TC008904
iB_08771,TC033775
iB_08772,TC033776
iB_08773,TC009979
iB_08774,TC009982
iB_08779,TC008832
iB_08781,TC008829
iB_08782,TC010001
iB_08784,TC033797
iB_08789,TC010028
iB_08790,TC008796
iB_08793,TC008787
iB_08796,TC010871
iB_08797,TC008778
iB_08799,TC010058
iB_08800,TC008758
iB_08805,TC033835
iB_08806,TC008623
iB_08806,TC010194
iB_08808,TC008635
iB_08809,TC008637
iB_08810,TC033843
iB_08813,TC010162
iB_08814,TC008669
iB_08816,TC010153
iB_08818,TC010140
iB_08819,TC010138
iB_08820,TC010127
iB_08821,TC008701
iB_08821,TC010124
iB_08823,TC010114
iB_08824,TC033867
iB_08829,TC008734
iB_08830,TC010767
iB_08834,TC008610
iB_08835,TC033900
iB_08837,TC002266
iB_08837,TC002639
iB_08837,TC002641
iB_08837,TC010314
iB_08837,TC010553
iB_08837,TC030970
iB_08837,TC032525
iB_08838,TC033906
iB_08839,TC030127
iB_08840,TC016108
iB_08841,TC033919
iB_08845,TC033929
iB_08846,TC033934
iB_08847,TC015992
iB_08848,TC015974
iB_08854,TC006111
iB_08856,TC033960
iB_08861,TC006177
iB_08861,TC034820
iB_08862,TC005972
iB_08863,TC006191
iB_08864,TC006199
iB_08868,TC033996
iB_08871,TC006224
iB_08873,TC005922
iB_08875,TC006258
iB_08877,TC031556
iB_08879,TC005886
iB_08880,TC034015
iB_08884,TC005857
iB_08886,TC034826
iB_08887,TC005841
iB_08889,TC000802
iB_08891,TC003436
iB_08892,TC003483
iB_08893,TC008733
iB_08894,TC008897
iB_08894,TC034805
iB_08895,TC009047
iB_08896,TC010152
iB_08897,TC010983
iB_08900,TC012945
iB_08900,TC012955
iB_08902,TC015563
iB_08903,TC033227
iB_08904,TC009412
iB_08904,TC030209
iB_08905,TC009412
iB_08905,TC030213
iB_08906,TC033018
iB_08907,TC005810
iB_08908,TC006344
iB_08909,TC006357
iB_08910,TC005767
iB_08911,TC006365
iB_08912,TC005763
iB_08913,TC005760
iB_08914,TC006384
iB_08915,TC006413
iB_08916,TC006419
iB_08917,TC015484
iB_08918,TC034830
iB_08919,TC034087
iB_08920,TC005669
iB_08921,TC005668
iB_08922,TC006463
iB_08923,TC006500
iB_08924,TC005597
iB_08925,TC006516
iB_08926,TC005579
iB_08927,TC006532
iB_08928,TC005542
iB_08929,TC006578
iB_08930,TC005525
iB_08931,TC006599
iB_08932,TC006605
iB_08933,TC034133
iB_08934,TC005506
iB_08935,TC006616
iB_08936,TC034139
iB_08937,TC006629
iB_08938,TC006630
iB_08939,TC034144
iB_08940,TC034146
iB_08941,TC004626
iB_08942,TC006678
iB_08943,TC006697
iB_08944,TC006708
iB_08945,TC006725
iB_08946,TC034265
iB_08947,TC001699
iB_08948,TC012046
iB_08949,TC012023
iB_08950,TC012020
iB_08951,TC012473
iB_08952,TC010663
iB_08953,TC012618
iB_08954,TC012647
iB_08955,TC011851
iB_08956,TC011637
iB_08957,TC011635
iB_08959,TC031725
iB_08960,TC031743
iB_08961,TC008549
iB_08962,TC001905
iB_08962,TC031661
iB_08962,TC034203
iB_08962,TC034204
iB_08963,TC033554
iB_08963,TC035035
iB_08964,TC001983
iB_08967,TC004564
iB_08968,TC004818
iB_08969,TC004570
iB_08970,TC031982
iB_08971,TC004521
iB_08973,TC004876
iB_08974,TC005004
iB_08975,TC004990
iB_08976,TC004987
iB_08977,TC012919
iB_08978,TC011359
iB_08979,TC004500
iB_08980,TC004909
iB_08981,TC004920
iB_08982,TC004938
iB_08983,TC004948
iB_08984,TC004968
iB_08985,TC004980
iB_08986,TC000780
iB_08987,TC032041
iB_08988,TC034550
iB_08989,TC032046
iB_08990,TC000754
iB_08991,TC000824
iB_08992,TC000825
iB_08993,TC000835
iB_08994,TC000838
iB_08995,TC000844
iB_08996,TC000851
iB_08997,TC000540
iB_08998,TC001068
iB_08999,TC011076
iB_09000,TC001148
iB_09001,TC001231
iB_09002,TC031408
iB_09003,TC001296
iB_09004,TC001368
iB_09005,TC032314
iB_09007,TC003366
iB_09008,TC003462
iB_09009,TC032399
iB_09010,TC011563
iB_09011,TC000080
iB_09012,TC000127
iB_09013,TC002777
iB_09014,TC030569
iB_09015,TC032498
iB_09016,TC010501
iB_09017,TC002643
iB_09018,TC032561
iB_09019,TC002562
iB_09020,TC032593
iB_09021,TC010332
iB_09022,TC034627
iB_09023,TC002123
iB_09024,TC003878
iB_09025,TC003899
iB_09026,TC004371
iB_09027,TC002396
iB_09028,TC004394
iB_09029,TC031341
iB_09030,TC007967
iB_09031,TC007981
iB_09032,TC007433
iB_09033,TC007385
iB_09034,TC016093
iB_09036,TC008487
iB_09037,TC008486
iB_09038,TC031115
iB_09039,TC007035
iB_09040,TC034675
iB_09042,TC032969
iB_09043,TC016314
iB_09044,TC012887
iB_09045,TC010908
iB_09046,TC030342
iB_09047,TC013887
iB_09048,TC013920
iB_09049,TC013921
iB_09050,TC033022
iB_09051,TC013930
iB_09052,TC013940
iB_09053,TC013866
iB_09054,TC013830
iB_09055,TC013829
iB_09056,TC013817
iB_09057,TC013812
iB_09058,TC013808
iB_09059,TC013806
iB_09060,TC014000
iB_09061,TC013786
iB_09062,TC013777
iB_09063,TC013776
iB_09064,TC014029
iB_09065,TC014031
iB_09065,TC033052
iB_09066,TC014037
iB_09067,TC034687
iB_09068,TC014051
iB_09069,TC033066
iB_09070,TC013706
iB_09071,TC011283
iB_09072,TC014104
iB_09073,TC033074
iB_09074,TC014121
iB_09075,TC013676
iB_09076,TC014137
iB_09077,TC014166
iB_09078,TC010429
iB_09079,TC010446
iB_09080,TC010418
iB_09081,TC010448
iB_09082,TC010407
iB_09083,TC033106
iB_09084,TC013555
iB_09085,TC014289
iB_09086,TC013503
iB_09087,TC014311
iB_09088,TC014312
iB_09089,TC014313
iB_09090,TC014314
iB_09091,TC013453
iB_09091,TC014337
iB_09092,TC013450
iB_09093,TC014345
iB_09094,TC033137
iB_09095,TC013429
iB_09096,TC014370
iB_09097,TC013396
iB_09098,TC013391
iB_09099,TC014410
iB_09100,TC013381
iB_09101,TC014422
iB_09102,TC014456
iB_09103,TC014482
iB_09104,TC014485
iB_09105,TC013308
iB_09106,TC014503
iB_09107,TC013264
iB_09108,TC014546
iB_09109,TC013234
iB_09111,TC014581
iB_09112,TC014598
iB_09113,TC013210
iB_09114,TC013206
iB_09115,TC013194
iB_09116,TC013184
iB_09117,TC013181
iB_09118,TC014640
iB_09119,TC013168
iB_09120,TC014647
iB_09121,TC013167
iB_09122,TC014648
iB_09123,TC013107
iB_09124,TC014725
iB_09125,TC014728
iB_09126,TC014757
iB_09127,TC014758
iB_09128,TC014760
iB_09129,TC014762
iB_09130,TC011289
iB_09131,TC014772
iB_09132,TC014777
iB_09133,TC014788
iB_09134,TC030551
iB_09134,TC030698
iB_09135,TC013011
iB_09136,TC014802
iB_09137,TC033275
iB_09138,TC011207
iB_09139,TC015381
iB_09140,TC015390
iB_09141,TC015392
iB_09142,TC015404
iB_09143,TC011290
iB_09144,TC015410
iB_09145,TC015420
iB_09146,TC033325
iB_09147,TC015424
iB_09147,TC015425
iB_09148,TC014215
iB_09149,TC015272
iB_09150,TC015260
iB_09151,TC015465
iB_09152,TC015243
iB_09153,TC033349
iB_09154,TC015481
iB_09155,TC015215
iB_09156,TC015491
iB_09157,TC015494
iB_09159,TC015534
iB_09160,TC015540
iB_09161,TC015539
iB_09162,TC033366
iB_09163,TC015156
iB_09164,TC015559
iB_09165,TC034734
iB_09166,TC033386
iB_09167,TC015108
iB_09168,TC033403
iB_09170,TC015605
iB_09171,TC015665
iB_09172,TC015687
iB_09173,TC015001
iB_09174,TC015003
iB_09175,TC014982
iB_09176,TC015755
iB_09178,TC033458
iB_09180,TC033464
iB_09180,TC033465
iB_09181,TC014867
iB_09182,TC015857
iB_09183,TC015858
iB_09184,TC030007
iB_09185,TC009432
iB_09186,TC009370
iB_09187,TC009351
iB_09188,TC030679
iB_09189,TC009469
iB_09190,TC009481
iB_09191,TC033550
iB_09192,TC031520
iB_09194,TC009283
iB_09195,TC009533
iB_09196,TC009535
iB_09197,TC009551
iB_09199,TC009251
iB_09200,TC009571
iB_09201,TC009226
iB_09202,TC009586
iB_09203,TC009600
iB_09204,TC009599
iB_09205,TC009593
iB_09206,TC033585
iB_09208,TC009161
iB_09209,TC009162
iB_09210,TC034773
iB_09211,TC005188
iB_09212,TC033603
iB_09213,TC015890
iB_09214,TC015960
iB_09215,TC015957
iB_09216,TC015900
iB_09217,TC034776
iB_09218,TC015909
iB_09219,TC009679
iB_09220,TC009680
iB_09221,TC033630
iB_09222,TC009712
iB_09223,TC009714
iB_09223,TC009715
iB_09223,TC012131
iB_09223,TC012132
iB_09224,TC009716
iB_09225,TC033648
iB_09227,TC013301
iB_09228,TC033666
iB_09229,TC016355
iB_09230,TC034787
iB_09231,TC009073
iB_09232,TC009778
iB_09233,TC010801
iB_09235,TC009831
iB_09236,TC009832
iB_09237,TC010791
iB_09238,TC008934
iB_09239,TC008912
iB_09240,TC008907
iB_09241,TC008903
iB_09242,TC009949
iB_09243,TC009950
iB_09244,TC009963
iB_09245,TC008867
iB_09246,TC033778
iB_09247,TC033785
iB_09248,TC033787
iB_09249,TC033800
iB_09251,TC008783
iB_09252,TC033819
iB_09253,TC033838
iB_09254,TC030566
iB_09255,TC010161
iB_09256,TC033859
iB_09258,TC010126
iB_09259,TC010122
iB_09260,TC010121
iB_09261,TC008707
iB_09262,TC010117
iB_09263,TC008711
iB_09265,TC008602
iB_09266,TC010209
iB_09268,TC033928
iB_09269,TC002215
iB_09270,TC033941
iB_09271,TC006096
iB_09272,TC006097
iB_09273,TC034818
iB_09274,TC034819
iB_09275,TC006133
iB_09276,TC005996
iB_09277,TC006205
iB_09278,TC033995
iB_09279,TC006210
iB_09280,TC005943
iB_09281,TC030639
iB_09282,TC005937
iB_09283,TC005934
iB_09284,TC006246
iB_09284,TC006247
iB_09285,TC034011
iB_09286,TC034012
iB_09287,TC005893
iB_09288,TC006266
iB_09289,TC034825
iB_09290,TC006274
iB_09291,TC034022
iB_09292,TC005854
iB_09293,TC006309
iB_09294,TC005817
iB_09296,TC000195
iB_09297,TC000312
iB_09298,TC032095
iB_09299,TC001659
iB_09299,TC001660
iB_09302,TC003256
iB_09302,TC032291
iB_09303,TC003498
iB_09304,TC004833
iB_09305,TC004934
iB_09306,TC005304
iB_09306,TC031294
iB_09307,TC005333
iB_09307,TC031292
iB_09308,TC005489
iB_09309,TC005550
iB_09310,TC006440
iB_09310,TC031280
iB_09311,TC006635
iB_09312,TC007335
iB_09313,TC007823
iB_09314,TC007892
iB_09315,TC032844
iB_09316,TC009488
iB_09317,TC009086
iB_09317,TC009741
iB_09318,TC009986
iB_09319,TC011217
iB_09320,TC011652
iB_09321,TC033164
iB_09322,TC015171
iB_09322,TC015539
iB_09323,TC015369
iB_09323,TC034714
iB_09324,TC015945
iB_09325,TC016158
iB_09325,TC016160
iB_09326,TC030081
iB_09326,TC030989
iB_09328,TC033070
iB_09329,TC030130
iB_09330,TC030133
iB_09330,TC032787
iB_09331,TC032787
iB_09332,TC030143
iB_09333,TC030191
iB_09334,TC030194
iB_09335,TC030229
iB_09336,TC011374
iB_09336,TC030238
iB_09337,TC030243
iB_09337,TC031208
iB_09338,TC030256
iB_09339,TC031227
iB_09339,TC034229
iB_09340,TC032272
iB_09342,TC030327
iB_09343,TC030433
iB_09344,TC030550
iB_09345,TC030662
iB_09345,TC033841
iB_09346,TC011189
iB_09347,TC006339
iB_09348,TC005802
iB_09349,TC030611
iB_09350,TC030614
iB_09351,TC005793
iB_09352,TC005773
iB_09353,TC005771
iB_09354,TC005768
iB_09354,TC006361
iB_09355,TC006363
iB_09356,TC005759
iB_09357,TC006391
iB_09358,TC004604
iB_09359,TC006411
iB_09360,TC005720
iB_09361,TC005719
iB_09362,TC006429
iB_09363,TC004608
iB_09364,TC015223
iB_09365,TC015221
iB_09366,TC006447
iB_09367,TC005665
iB_09368,TC005637
iB_09369,TC005632
iB_09370,TC005617
iB_09371,TC005616
iB_09372,TC005610
iB_09373,TC005604
iB_09374,TC034110
iB_09375,TC005594
iB_09376,TC006521
iB_09377,TC005587
iB_09378,TC034845
iB_09379,TC034112
iB_09380,TC005580
iB_09381,TC005571
iB_09382,TC006548
iB_09383,TC006549
iB_09384,TC006557
iB_09385,TC005551
iB_09387,TC034123
iB_09389,TC005524
iB_09390,TC006604
iB_09391,TC005511
iB_09392,TC006623
iB_09393,TC034140
iB_09394,TC005498
iB_09395,TC034159
iB_09396,TC005463
iB_09397,TC030652
iB_09398,TC006677
iB_09400,TC005457
iB_09401,TC034166
iB_09402,TC006701
iB_09403,TC034170
iB_09404,TC006713
iB_09405,TC006724
iB_09406,TC006729
iB_09407,TC030627
iB_09408,TC005409
iB_09409,TC005404
iB_09410,TC006751
iB_09411,TC005393
iB_09412,TC005390
iB_09413,TC005389
iB_09414,TC034180
iB_09415,TC005370
iB_09416,TC006774
iB_09417,TC005366
iB_09418,TC005358
iB_09419,TC005356
iB_09420,TC006782
iB_09421,TC005344
iB_09422,TC031365
iB_09423,TC006794
iB_09424,TC005330
iB_09425,TC005317
iB_09426,TC005314
iB_09427,TC005311
iB_09428,TC005309
iB_09429,TC005307
iB_09430,TC005306
iB_09431,TC001449
iB_09432,TC001459
iB_09433,TC034218
iB_09434,TC012229
iB_09435,TC012221
iB_09436,TC012214
iB_09437,TC001750
iB_09438,TC012253
iB_09439,TC034236
iB_09440,TC001753
iB_09441,TC012291
iB_09442,TC012179
iB_09443,TC012302
iB_09444,TC012171
iB_09445,TC011183
iB_09446,TC001755
iB_09447,TC012162
iB_09448,TC034254
iB_09449,TC001710
iB_09450,TC001708
iB_09451,TC001758
iB_09452,TC034294
iB_09453,TC034298
iB_09454,TC012343
iB_09455,TC012117
iB_09456,TC012105
iB_09457,TC012374
iB_09458,TC012377
iB_09459,TC034312
iB_09460,TC012083
iB_09461,TC012415
iB_09462,TC012435
iB_09463,TC034339
iB_09464,TC011181
iB_09465,TC031238
iB_09465,TC034873
iB_09466,TC012008
iB_09467,TC012006
iB_09468,TC010662
iB_09469,TC034871
iB_09470,TC034869
iB_09471,TC011981
iB_09472,TC011979
iB_09473,TC011310
iB_09474,TC016288
iB_09475,TC016272
iB_09475,TC016290
iB_09476,TC034377
iB_09477,TC031245
iB_09478,TC012520
iB_09479,TC012522
iB_09480,TC012527
iB_09481,TC012535
iB_09482,TC030743
iB_09483,TC011921
iB_09484,TC012573
iB_09485,TC011919
iB_09486,TC012581
iB_09487,TC011912
iB_09488,TC011896
iB_09489,TC012612
iB_09490,TC012619
iB_09491,TC034408
iB_09492,TC034886
iB_09493,TC011878
iB_09494,TC011312
iB_09495,TC011873
iB_09496,TC011864
iB_09497,TC034421
iB_09500,TC011841
iB_09501,TC030319
iB_09502,TC011817
iB_09503,TC011784
iB_09504,TC012718
iB_09505,TC011772
iB_09506,TC011770
iB_09507,TC011757
iB_09509,TC011734
iB_09510,TC012753
iB_09511,TC034451
iB_09512,TC011711
iB_09513,TC011694
iB_09514,TC012795
iB_09515,TC012798
iB_09516,TC011686
iB_09517,TC012804
iB_09518,TC011679
iB_09519,TC011677
iB_09520,TC011675
iB_09521,TC011674
iB_09522,TC011661
iB_09523,TC015971
iB_09524,TC011658
iB_09525,TC012817
iB_09526,TC011649
iB_09527,TC011647
iB_09528,TC012822
iB_09529,TC011644
iB_09530,TC012829
iB_09531,TC011636
iB_09532,TC011634
iB_09533,TC012839
iB_09534,TC012853
iB_09535,TC012858
iB_09536,TC012860
iB_09537,TC002076
iB_09538,TC011614
iB_09539,TC012868
iB_09540,TC011607
iB_09541,TC012877
iB_09542,TC011604
iB_09543,TC000175
iB_09543,TC001546
iB_09543,TC001984
iB_09543,TC006926
iB_09543,TC007410
iB_09543,TC009258
iB_09543,TC009768
iB_09543,TC011574
iB_09543,TC015884
iB_09543,TC016418
iB_09543,TC030936
iB_09543,TC031052
iB_09543,TC031136
iB_09543,TC031279
iB_09543,TC031762
iB_09543,TC032017
iB_09543,TC032250
iB_09543,TC034027
iB_09544,TC002073
iB_09545,TC002054
iB_09546,TC011554
iB_09547,TC030925
iB_09547,TC031664
iB_09548,TC002283
iB_09549,TC002298
iB_09550,TC031678
iB_09551,TC012909
iB_09552,TC012903
iB_09553,TC006851
iB_09554,TC034961
iB_09555,TC004063
iB_09556,TC002359
iB_09557,TC002366
iB_09558,TC002339
iB_09559,TC001877
iB_09560,TC001886
iB_09561,TC006980
iB_09562,TC004294
iB_09563,TC004292
iB_09564,TC031826
iB_09565,TC011336
iB_09566,TC001976
iB_09567,TC005067
iB_09568,TC011338
iB_09569,TC001407
iB_09569,TC012221
iB_09570,TC031855
iB_09570,TC034914
iB_09571,TC031841
iB_09571,TC031860
iB_09572,TC010320
iB_09573,TC035054
iB_09574,TC031906
iB_09574,TC035032
iB_09575,TC011134
iB_09576,TC001392
iB_09577,TC031931
iB_09578,TC031934
iB_09579,TC005295
iB_09580,TC002097
iB_09581,TC031957
iB_09582,TC030021
iB_09583,TC004547
iB_09584,TC004828
iB_09585,TC004824
iB_09586,TC004812
iB_09587,TC004861
iB_09588,TC011122
iB_09589,TC032001
iB_09590,TC011119
iB_09591,TC004891
iB_09592,TC004910
iB_09593,TC004467
iB_09594,TC032018
iB_09595,TC004935
iB_09596,TC004936
iB_09597,TC004435
iB_09598,TC004947
iB_09599,TC004953
iB_09600,TC004430
iB_09601,TC004424
iB_09602,TC004977
iB_09603,TC004979
iB_09604,TC000779
iB_09605,TC000770
iB_09606,TC000793
iB_09607,TC000767
iB_09608,TC000795
iB_09609,TC011376
iB_09610,TC000804
iB_09611,TC032051
iB_09612,TC032058
iB_09613,TC000822
iB_09614,TC000823
iB_09615,TC032069
iB_09616,TC032070
iB_09617,TC000710
iB_09618,TC032082
iB_09619,TC011382
iB_09620,TC000873
iB_09621,TC000875
iB_09622,TC000677
iB_09623,TC000886
iB_09624,TC032112
iB_09625,TC000928
iB_09626,TC000931
iB_09627,TC000933
iB_09628,TC000640
iB_09629,TC000953
iB_09630,TC000957
iB_09631,TC000626
iB_09632,TC000621
iB_09633,TC000619
iB_09634,TC000962
iB_09635,TC000615
iB_09636,TC000964
iB_09637,TC000969
iB_09638,TC000971
iB_09639,TC000974
iB_09640,TC000976
iB_09641,TC000607
iB_09642,TC000595
iB_09643,TC000585
iB_09644,TC032140
iB_09645,TC032141
iB_09646,TC001036
iB_09647,TC030996
iB_09648,TC000528
iB_09649,TC001048
iB_09650,TC000521
iB_09651,TC032150
iB_09652,TC001057
iB_09653,TC011079
iB_09654,TC000509
iB_09655,TC001069
iB_09656,TC000506
iB_09657,TC032161
iB_09658,TC001085
iB_09659,TC000480
iB_09660,TC001092
iB_09661,TC001099
iB_09662,TC001100
iB_09663,TC000461
iB_09664,TC000443
iB_09665,TC001116
iB_09668,TC000405
iB_09669,TC031003
iB_09670,TC032193
iB_09671,TC001160
iB_09672,TC032194
iB_09673,TC032195
iB_09674,TC000383
iB_09674,TC000384
iB_09675,TC000380
iB_09675,TC001172
iB_09676,TC001174
iB_09677,TC001182
iB_09678,TC001183
iB_09680,TC001186
iB_09682,TC001195
iB_09683,TC000359
iB_09684,TC001201
iB_09685,TC001220
iB_09686,TC011062
iB_09687,TC001228
iB_09688,TC000324
iB_09689,TC032219
iB_09690,TC001245
iB_09691,TC001251
iB_09692,TC000303
iB_09693,TC000301
iB_09694,TC001257
iB_09695,TC001263
iB_09696,TC000296
iB_09697,TC000276
iB_09698,TC032250
iB_09699,TC000248
iB_09700,TC000246
iB_09701,TC001321
iB_09702,TC000224
iB_09703,TC000222
iB_09704,TC001327
iB_09705,TC000208
iB_09706,TC001338
iB_09707,TC000203
iB_09708,TC001340
iB_09709,TC032266
iB_09710,TC001355
iB_09711,TC001358
iB_09712,TC001365
iB_09713,TC000173
iB_09715,TC001379
iB_09716,TC000160
iB_09716,TC030562
iB_09717,TC011437
iB_09718,TC003222
iB_09719,TC003234
iB_09720,TC032289
iB_09721,TC003206
iB_09722,TC003259
iB_09723,TC032292
iB_09724,TC003184
iB_09725,TC034572
iB_09726,TC003181
iB_09727,TC003279
iB_09728,TC003287
iB_09729,TC003306
iB_09730,TC030757
iB_09731,TC003141
iB_09732,TC003323
iB_09733,TC031024
iB_09734,TC003121
iB_09735,TC003117
iB_09736,TC003116
iB_09736,TC031025
iB_09737,TC003345
iB_09738,TC003348
iB_09739,TC003093
iB_09740,TC003351
iB_09741,TC003395
iB_09741,TC008898
iB_09742,TC003021
iB_09743,TC003011
iB_09744,TC003009
iB_09745,TC003417
iB_09746,TC003426
iB_09747,TC003434
iB_09748,TC003443
iB_09749,TC002978
iB_09751,TC032388
iB_09752,TC002961
iB_09753,TC032393
iB_09754,TC003485
iB_09755,TC002947
iB_09756,TC032394
iB_09757,TC011566
iB_09758,TC002935
iB_09759,TC003502
iB_09760,TC002931
iB_09761,TC002926
iB_09762,TC003523
iB_09763,TC003527
iB_09764,TC002884
iB_09765,TC003565
iB_09766,TC032424
iB_09767,TC011042
iB_09768,TC030612
iB_09769,TC030768
iB_09770,TC032435
iB_09771,TC003649
iB_09772,TC000078
iB_09772,TC000094
iB_09773,TC000118
iB_09774,TC000058
iB_09775,TC000057
iB_09776,TC032474
iB_09777,TC000051
iB_09778,TC000130
iB_09779,TC000048
iB_09780,TC000044
iB_09781,TC000137
iB_09782,TC000042
iB_09783,TC000041
iB_09784,TC003654
iB_09785,TC002768
iB_09787,TC003691
iB_09788,TC003715
iB_09789,TC011023
iB_09790,TC032508
iB_09791,TC032517
iB_09792,TC011241
iB_09793,TC002671
iB_09794,TC003790
iB_09795,TC011013
iB_09796,TC011009
iB_09797,TC003825
iB_09798,TC003838
iB_09799,TC003842
iB_09800,TC002568
iB_09801,TC010354
iB_09802,TC010335
iB_09803,TC002140
iB_09804,TC032606
iB_09805,TC002148
iB_09806,TC002505
iB_09807,TC004375
iB_09808,TC002502
iB_09810,TC004382
iB_09811,TC003965
iB_09812,TC002458
iB_09813,TC003978
iB_09814,TC002444
iB_09815,TC004370
iB_09816,TC002423
iB_09817,TC002416
iB_09818,TC002391
iB_09819,TC004364
iB_09820,TC016086
iB_09821,TC004235
iB_09822,TC004389
iB_09824,TC032710
iB_09825,TC007747
iB_09826,TC032717
iB_09827,TC007735
iB_09828,TC030691
iB_09829,TC004392
iB_09830,TC007768
iB_09833,TC007781
iB_09834,TC007711
iB_09835,TC007709
iB_09836,TC007706
iB_09837,TC004395
iB_09838,TC007791
iB_09839,TC032729
iB_09840,TC004397
iB_09841,TC032737
iB_09842,TC007808
iB_09843,TC007684
iB_09844,TC007681
iB_09845,TC007817
iB_09846,TC007832
iB_09847,TC030745
iB_09848,TC007651
iB_09849,TC007854
iB_09850,TC007641
iB_09851,TC007629
iB_09852,TC007876
iB_09853,TC007879
iB_09854,TC032762
iB_09855,TC007618
iB_09856,TC007602
iB_09857,TC007903
iB_09858,TC007905
iB_09859,TC007914
iB_09860,TC007585
iB_09861,TC007928
iB_09862,TC007930
iB_09863,TC007574
iB_09864,TC007573
iB_09865,TC032770
iB_09866,TC030541
iB_09867,TC032771
iB_09869,TC007557
iB_09870,TC032780
iB_09871,TC034652
iB_09872,TC007955
iB_09873,TC007968
iB_09874,TC007970
iB_09875,TC007971
iB_09876,TC004696
iB_09877,TC031101
iB_09878,TC007992
iB_09879,TC007498
iB_09880,TC008015
iB_09881,TC008016
iB_09882,TC008018
iB_09883,TC007473
iB_09884,TC032799
iB_09885,TC008028
iB_09886,TC008030
iB_09887,TC008045
iB_09888,TC008057
iB_09889,TC008059
iB_09890,TC008067
iB_09891,TC007436
iB_09892,TC007424
iB_09893,TC004677
iB_09893,TC004690
iB_09894,TC008091
iB_09895,TC008096
iB_09896,TC008102
iB_09897,TC032813
iB_09898,TC007397
iB_09899,TC007375
iB_09900,TC008130
iB_09901,TC007351
iB_09902,TC008166
iB_09903,TC007332
iB_09903,TC030546
iB_09904,TC008173
iB_09905,TC032830
iB_09906,TC008177
iB_09907,TC011530
iB_09908,TC007325
iB_09909,TC031470
iB_09910,TC007292
iB_09911,TC007251
iB_09912,TC008217
iB_09913,TC007247
iB_09916,TC008245
iB_09917,TC011523
iB_09918,TC034663
iB_09919,TC008262
iB_09920,TC007211
iB_09921,TC008264
iB_09922,TC007208
iB_09923,TC007203
iB_09924,TC008270
iB_09925,TC008273
iB_09926,TC007198
iB_09927,TC008275
iB_09928,TC007190
iB_09930,TC011546
iB_09931,TC032877
iB_09932,TC007173
iB_09933,TC007171
iB_09934,TC007169
iB_09935,TC007162
iB_09936,TC007157
iB_09938,TC008317
iB_09940,TC011516
iB_09940,TC030555
iB_09941,TC008339
iB_09943,TC008350
iB_09944,TC007111
iB_09944,TC008371
iB_09945,TC011551
iB_09946,TC007025
iB_09946,TC032902
iB_09947,TC011513
iB_09948,TC008474
iB_09949,TC032931
iB_09951,TC007067
iB_09953,TC007075
iB_09954,TC008426
iB_09955,TC004662
iB_09956,TC008422
iB_09957,TC008418
iB_09958,TC008408
iB_09959,TC008405
iB_09960,TC007091
iB_09961,TC008389
iB_09962,TC004658
iB_09963,TC032953
iB_09964,TC008523
iB_09965,TC013906
iB_09966,TC016309
iB_09967,TC010945
iB_09968,TC010940
iB_09969,TC033014
iB_09970,TC013886
iB_09971,TC013883
iB_09972,TC013922
iB_09973,TC013931
iB_09974,TC013938
iB_09975,TC013871
iB_09976,TC013870
iB_09977,TC030879
iB_09978,TC013947
iB_09979,TC013860
iB_09980,TC031481
iB_09981,TC013967
iB_09982,TC030468
iB_09983,TC013979
iB_09984,TC013815
iB_09985,TC013790
iB_09986,TC014009
iB_09987,TC001633
iB_09988,TC014025
iB_09989,TC013767
iB_09989,TC013768
iB_09990,TC014031
iB_09991,TC014033
iB_09992,TC014040
iB_09993,TC033057
iB_09994,TC013753
iB_09995,TC034687
iB_09996,TC014045
iB_09997,TC014048
iB_09998,TC001638
iB_09999,TC014054
iB_10000,TC013726
iB_10001,TC013721
iB_10002,TC014088
iB_10003,TC013704
iB_10004,TC014107
iB_10005,TC033072
iB_10006,TC013685
iB_10007,TC033075
iB_10008,TC030756
iB_10009,TC014144
iB_10010,TC033085
iB_10011,TC004141
iB_10012,TC013659
iB_10013,TC014157
iB_10014,TC013651
iB_10015,TC033094
iB_10016,TC014165
iB_10017,TC013646
iB_10018,TC010438
iB_10019,TC010427
iB_10020,TC033097
iB_10021,TC010451
iB_10022,TC010400
iB_10023,TC034695
iB_10024,TC013563
iB_10025,TC013560
iB_10026,TC033107
iB_10027,TC014256
iB_10028,TC014260
iB_10029,TC004152
iB_10030,TC013552
iB_10031,TC033109
iB_10032,TC013543
iB_10033,TC014273
iB_10034,TC013538
iB_10035,TC013535
iB_10036,TC004120
iB_10037,TC014280
iB_10038,TC014286
iB_10039,TC014290
iB_10040,TC033123
iB_10041,TC013501
iB_10042,TC004116
iB_10043,TC014310
iB_10044,TC030076
iB_10045,TC033126
iB_10046,TC013484
iB_10047,TC013478
iB_10048,TC030631
iB_10049,TC014326
iB_10050,TC030751
iB_10051,TC014336
iB_10052,TC030591
iB_10053,TC016056
iB_10054,TC014339
iB_10055,TC014340
iB_10056,TC031147
iB_10056,TC033133
iB_10056,TC033134
iB_10057,TC013431
iB_10058,TC014372
iB_10059,TC014374
iB_10060,TC013419
iB_10061,TC014377
iB_10062,TC014387
iB_10063,TC031490
iB_10064,TC013411
iB_10065,TC033152
iB_10066,TC013405
iB_10067,TC014404
iB_10068,TC013393
iB_10069,TC013390
iB_10070,TC013385
iB_10071,TC013382
iB_10072,TC014418
iB_10073,TC014423
iB_10074,TC013378
iB_10075,TC013377
iB_10076,TC014434
iB_10077,TC014436
iB_10078,TC013368
iB_10079,TC014173
iB_10080,TC014444
iB_10081,TC014452
iB_10082,TC014454
iB_10083,TC014466
iB_10084,TC014470
iB_10085,TC014480
iB_10086,TC013338
iB_10086,TC013339
iB_10087,TC014489
iB_10088,TC014492
iB_10089,TC014493
iB_10090,TC013258
iB_10091,TC013254
iB_10091,TC014551
iB_10092,TC033187
iB_10093,TC013249
iB_10094,TC014560
iB_10095,TC014562
iB_10097,TC013231
iB_10098,TC033192
iB_10099,TC014579
iB_10100,TC013215
iB_10101,TC014590
iB_10103,TC014600
iB_10104,TC013627
iB_10105,TC014612
iB_10106,TC014626
iB_10108,TC013174
iB_10109,TC033213
iB_10110,TC033222
iB_10111,TC033223
iB_10112,TC013135
iB_10113,TC014689
iB_10114,TC014692
iB_10115,TC013118
iB_10116,TC013115
iB_10116,TC014699
iB_10118,TC014707
iB_10119,TC014716
iB_10120,TC014727
iB_10121,TC013613
iB_10123,TC014736
iB_10124,TC014743
iB_10125,TC014753
iB_10126,TC014755
iB_10127,TC013060
iB_10128,TC014759
iB_10129,TC013041
iB_10131,TC033256
iB_10132,TC013609
iB_10133,TC014774
iB_10134,TC014786
iB_10135,TC014790
iB_10137,TC014208
iB_10138,TC014808
iB_10140,TC033276
iB_10141,TC014816
iB_10142,TC012991
iB_10143,TC010612
iB_10143,TC010613
iB_10144,TC030747
iB_10145,TC015355
iB_10146,TC015380
iB_10147,TC015385
iB_10148,TC030892
iB_10148,TC033304
iB_10149,TC033306
iB_10150,TC015391
iB_10151,TC033312
iB_10152,TC013595
iB_10153,TC015408
iB_10154,TC033313
iB_10155,TC015312
iB_10156,TC033320
iB_10157,TC015304
iB_10158,TC015300
iB_10159,TC015429
iB_10160,TC013591
iB_10161,TC015452
iB_10162,TC015466
iB_10163,TC015476
iB_10164,TC015478
iB_10165,TC015236
iB_10166,TC015210
iB_10167,TC033352
iB_10168,TC015505
iB_10169,TC015509
iB_10170,TC014218
iB_10171,TC015511
iB_10172,TC015514
iB_10173,TC015195
iB_10174,TC015193
iB_10175,TC015531
iB_10176,TC034726
iB_10177,TC015532
iB_10178,TC015181
iB_10179,TC014222
iB_10180,TC033360
iB_10181,TC015547
iB_10182,TC015164
iB_10183,TC033362
iB_10184,TC015554
iB_10185,TC034732
iB_10186,TC030575
iB_10187,TC015142
iB_10188,TC013580
iB_10189,TC015144
iB_10190,TC015126
iB_10191,TC014227
iB_10192,TC015575
iB_10193,TC015133
iB_10194,TC033399
iB_10195,TC015111
iB_10196,TC002107
iB_10197,TC030720
iB_10198,TC015606
iB_10199,TC015607
iB_10200,TC015092
iB_10201,TC015077
iB_10202,TC015064
iB_10204,TC015061
iB_10205,TC014238
iB_10206,TC015049
iB_10208,TC015660
iB_10209,TC015030
iB_10210,TC030907
iB_10211,TC015693
iB_10213,TC015015
iB_10214,TC015016
iB_10215,TC034741
iB_10216,TC015674
iB_10217,TC015023
iB_10219,TC014972
iB_10220,TC015710
iB_10222,TC015726
iB_10223,TC033432
iB_10224,TC015728
iB_10229,TC015789
iB_10229,TC015790
iB_10229,TC033449
iB_10231,TC014899
iB_10232,TC030744
iB_10233,TC030548
iB_10234,TC014859
iB_10235,TC031841
iB_10235,TC033481
iB_10236,TC004646
iB_10237,TC031517
iB_10239,TC009436
iB_10240,TC004638
iB_10241,TC033520
iB_10242,TC009369
iB_10243,TC004723
iB_10244,TC009361
iB_10245,TC030699
iB_10246,TC009451
iB_10247,TC009458
iB_10248,TC031519
iB_10249,TC030715
iB_10250,TC033536
iB_10251,TC009482
iB_10252,TC009324
iB_10253,TC009501
iB_10254,TC009504
iB_10255,TC009513
iB_10256,TC009297
iB_10257,TC009517
iB_10258,TC009294
iB_10259,TC004730
iB_10260,TC009279
iB_10261,TC009264
iB_10262,TC009540
iB_10263,TC009545
iB_10265,TC009258
iB_10266,TC009556
iB_10267,TC009250
iB_10268,TC009572
iB_10270,TC005180
iB_10274,TC009180
iB_10275,TC033584
iB_10276,TC009620
iB_10277,TC009186
iB_10278,TC030675
iB_10279,TC009614
iB_10280,TC009192
iB_10281,TC009198
iB_10282,TC009200
iB_10283,TC005165
iB_10284,TC009170
iB_10285,TC009650
iB_10286,TC009641
iB_10287,TC009659
iB_10288,TC009670
iB_10289,TC009664
iB_10290,TC009151
iB_10292,TC010830
iB_10293,TC015949
iB_10294,TC033608
iB_10295,TC015954
iB_10296,TC015892
iB_10297,TC015933
iB_10299,TC011296
iB_10301,TC009127
iB_10303,TC033638
iB_10304,TC031193
iB_10305,TC009122
iB_10306,TC009711
iB_10307,TC033640
iB_10308,TC033641
iB_10310,TC032884
iB_10310,TC033643
iB_10311,TC033645
iB_10313,TC009720
iB_10314,TC009723
iB_10315,TC009105
iB_10316,TC009101
iB_10317,TC010592
iB_10318,TC030217
iB_10319,TC014538
iB_10320,TC033656
iB_10322,TC013278
iB_10323,TC013284
iB_10325,TC013293
iB_10327,TC014516
iB_10328,TC014513
iB_10329,TC009732
iB_10330,TC009089
iB_10331,TC016364
iB_10332,TC016351
iB_10333,TC009083
iB_10334,TC009753
iB_10335,TC009771
iB_10336,TC009781
iB_10337,TC009783
iB_10338,TC009786
iB_10339,TC009794
iB_10340,TC009797
iB_10342,TC009027
iB_10343,TC009817
iB_10344,TC033703
iB_10345,TC033711
iB_10346,TC009845
iB_10347,TC008987
iB_10348,TC033726
iB_10349,TC008975
iB_10350,TC009870
iB_10351,TC009875
iB_10352,TC008968
iB_10352,TC009878
iB_10353,TC008964
iB_10354,TC008962
iB_10355,TC008960
iB_10356,TC008958
iB_10357,TC033745
iB_10358,TC030783
iB_10359,TC008919
iB_10360,TC030740
iB_10361,TC031538
iB_10362,TC009923
iB_10363,TC009926
iB_10364,TC009938
iB_10365,TC009940
iB_10366,TC009943
iB_10369,TC008881
iB_10370,TC009967
iB_10371,TC008871
iB_10372,TC008868
iB_10373,TC009971
iB_10374,TC009976
iB_10375,TC008848
iB_10376,TC008845
iB_10377,TC030558
iB_10379,TC008830
iB_10380,TC030560
iB_10381,TC010780
iB_10382,TC033791
iB_10384,TC008827
iB_10385,TC010002
iB_10386,TC030763
iB_10387,TC033796
iB_10388,TC008817
iB_10389,TC010027
iB_10390,TC030656
iB_10391,TC008786
iB_10392,TC008784
iB_10394,TC010872
iB_10396,TC008767
iB_10397,TC008741
iB_10398,TC033833
iB_10399,TC010875
iB_10400,TC010199
iB_10401,TC008618
iB_10402,TC033839
iB_10403,TC010182
iB_10404,TC010178
iB_10405,TC010177
iB_10407,TC008648
iB_10409,TC010773
iB_10410,TC008670
iB_10411,TC010771
iB_10412,TC034812
iB_10415,TC008691
iB_10416,TC008693
iB_10417,TC008698
iB_10418,TC010882
iB_10419,TC010120
iB_10421,TC008727
iB_10422,TC010886
iB_10423,TC033882
iB_10424,TC016111
iB_10425,TC015985
iB_10428,TC006049
iB_10430,TC006040
iB_10431,TC006038
iB_10432,TC033955
iB_10434,TC006026
iB_10435,TC006023
iB_10436,TC033977
iB_10437,TC005988
iB_10438,TC005985
iB_10439,TC006168
iB_10440,TC006170
iB_10441,TC005976
iB_10442,TC005966
iB_10443,TC006209
iB_10444,TC006215
iB_10445,TC011191
iB_10446,TC006236
iB_10447,TC006240
iB_10448,TC034009
iB_10449,TC006259
iB_10450,TC004591
iB_10451,TC006260
iB_10452,TC034013
iB_10453,TC005887
iB_10454,TC005882
iB_10455,TC006270
iB_10456,TC034020
iB_10457,TC006298
iB_10458,TC005833
iB_10459,TC005831
iB_10460,TC005828
iB_10461,TC006323
iB_10462,TC004598
iB_10463,TC034044
iB_10464,TC006331
iB_10465,TC030339
iB_10466,TC034452
iB_10467,TC005912
iB_10467,TC034005
iB_10468,TC012709
iB_10469,TC011525
iB_10470,TC014748
iB_10471,TC002967
iB_10472,TC009238
iB_10472,TC033570
iB_10473,TC002785
iB_10474,TC015927
iB_10475,TC006164
iB_10476,TC004254
iB_10476,TC004808
iB_10476,TC031764
iB_10476,TC031971
iB_10477,TC003999
iB_10478,TC034141
iB_10479,TC030135
iB_10480,TC010779
iB_10481,TC009147
iB_10481,TC030054
iB_10481,TC033598
iB_10482,TC012467
iB_10483,TC005454
iB_10484,TC002994
iB_10485,TC013186
iB_10486,TC001727
iB_10486,TC031567
iB_10486,TC032545
iB_10487,TC011952
iB_10488,TC014996
iB_10489,TC007394
iB_10490,TC015959
iB_10491,TC030651
iB_10492,TC006621
iB_10493,TC010046
iB_10494,TC009883
iB_10495,TC011044
iB_10496,TC006402
iB_10497,TC033801
iB_10498,TC012182
iB_10499,TC015919
iB_10499,TC015931
iB_10500,TC001039
iB_10501,TC004496
iB_10501,TC004886
iB_10502,TC002877
iB_10503,TC009509
iB_10504,TC008948
iB_10505,TC011362
iB_10506,TC004807
iB_10506,TC031712
iB_10508,TC033071
iB_10509,TC012824
iB_10510,TC008842
iB_10511,TC010061
iB_10512,TC007780
iB_10512,TC007781
iB_10513,TC009386
iB_10514,TC009893
iB_10515,TC011408
iB_10516,TC001772
iB_10517,TC010100
iB_10518,TC011008
iB_10518,TC011475
iB_10519,TC003118
iB_10519,TC003335
iB_10520,TC008020
iB_10521,TC004945
iB_10522,TC005737
iB_10523,TC005716
iB_10523,TC034838
iB_10524,TC034074
iB_10525,TC015585
iB_10526,TC000469
iB_10527,TC001022
iB_10528,TC033635
iB_10529,TC011372
iB_10530,TC004455
iB_10531,TC033096
iB_10532,TC006282
iB_10533,TC003288
iB_10534,TC015955
iB_10535,TC004941
iB_10535,TC004942
iB_10536,TC009890
iB_10537,TC008184
iB_10538,TC014437
iB_10539,TC033777
iB_10540,TC004455
iB_10540,TC004456
iB_10541,TC015921
iB_10542,TC014391
iB_10543,TC000682
iB_10543,TC032095
iB_10544,TC005398
iB_10545,TC001941
iB_10546,TC007179
iB_10547,TC030325
iB_10547,TC034194
iB_10548,TC005297
iB_10549,TC011887
iB_10550,TC000243
iB_10551,TC008228
iB_10552,TC030365
iB_10553,TC008913
iB_10554,TC008772
iB_10555,TC014016
iB_10556,TC005391
iB_10557,TC006449
iB_10558,TC033964
iB_10559,TC032601
iB_10560,TC008889
iB_10560,TC009953
iB_10561,TC032271
iB_10562,TC000391
iB_10563,TC005819
iB_10563,TC006325
iB_10564,TC015937
iB_10565,TC012407
iB_10566,TC008108
iB_10567,TC012068
iB_10568,TC000708
iB_10570,TC007113
iB_10571,TC001382
iB_10572,TC015025
iB_10573,TC032226
iB_10574,TC010424
iB_10575,TC009280
iB_10576,TC033610
iB_10577,TC011828
iB_10578,TC005481
iB_10579,TC011520
iB_10580,TC031263
iB_10581,TC032224
iB_10582,TC006493
iB_10583,TC033968
iB_10584,TC031142
iB_10585,TC007033
iB_10586,TC003202
iB_10587,TC034877
iB_10588,TC003748
iB_10589,TC010878
iB_10591,TC014364
iB_10592,TC015480
iB_10593,TC005734
iB_10594,TC015460
iB_10595,TC013229
iB_10596,TC009008
iB_10597,TC001489
iB_10597,TC006002
iB_10597,TC006959
iB_10597,TC016185
iB_10598,TC008732
iB_10599,TC015634
iB_10600,TC006766
iB_10601,TC030930
iB_10603,TC010116
iB_10604,TC006738
iB_10605,TC009787
iB_10606,TC004584
iB_10607,TC009894
iB_10608,TC014106
iB_10609,TC000006
iB_10609,TC002152
iB_10609,TC002156
iB_10609,TC012948
iB_10609,TC031904
iB_10610,TC009080
iB_10611,TC030741
iB_10612,TC013534
iB_10613,TC012736
iB_10614,TC005783
iB_10615,TC003437
iB_10616,TC031813
iB_10617,TC008488
iB_10618,TC013715
iB_10619,TC032997
iB_10620,TC001351
iB_10621,TC015332
iB_10622,TC014776
iB_10623,TC032063
iB_10624,TC007192
iB_10625,TC009087
iB_10625,TC030226
iB_10626,TC011805
iB_10627,TC002949
iB_10628,TC012454
iB_10629,TC016166
iB_10630,TC016154
iB_10631,TC000818
iB_10632,TC006252
iB_10633,TC013867
iB_10634,TC001635
iB_10635,TC012548
iB_10636,TC006130
iB_10637,TC015419
iB_10638,TC003529
iB_10639,TC001865
iB_10640,TC009021
iB_10641,TC015599
iB_10642,TC008794
iB_10643,TC011638
iB_10644,TC006028
iB_10645,TC004970
iB_10646,TC015499
iB_10647,TC031431
iB_10648,TC003503
iB_10649,TC012874
iB_10650,TC000770
iB_10650,TC000790
iB_10651,TC010676
iB_10652,TC008238
iB_10653,TC013430
iB_10654,TC012354
iB_10655,TC012160
iB_10656,TC015373
iB_10657,TC032494
iB_10658,TC003232
iB_10659,TC005713
iB_10660,TC013540
iB_10661,TC008235
iB_10662,TC013881
iB_10662,TC013923
iB_10663,TC008921
iB_10664,TC011534
iB_10665,TC033409
iB_10666,TC004865
iB_10667,TC009747
iB_10668,TC012622
iB_10669,TC011194
iB_10670,TC004501
iB_10671,TC010133
iB_10672,TC014132
iB_10673,TC007185
iB_10674,TC003067
iB_10675,TC006564
iB_10676,TC013117
iB_10677,TC033277
iB_10678,TC011021
iB_10679,TC032034
iB_10680,TC003203
iB_10681,TC004242
iB_10682,TC033076
iB_10683,TC015953
iB_10684,TC013863
iB_10685,TC004663
iB_10686,TC001226
iB_10687,TC014515
iB_10688,TC005182
iB_10689,TC002519
iB_10690,TC031092
iB_10691,TC005395
iB_10692,TC013885
iB_10694,TC034023
iB_10695,TC032003
iB_10696,TC003479
iB_10697,TC004580
iB_10698,TC031963
iB_10700,TC013407
iB_10701,TC014985
iB_10702,TC007632
iB_10703,TC004145
iB_10704,TC004919
iB_10705,TC031381
iB_10706,TC009092
iB_10707,TC009267
iB_10708,TC005065
iB_10709,TC013292
iB_10710,TC015471
iB_10711,TC009144
iB_10712,TC002178
iB_10714,TC007765
iB_10714,TC007766
iB_10714,TC031091
iB_10715,TC033756
iB_10716,TC006079
iB_10717,TC002589
iB_10718,TC005008
iB_10719,TC005859
iB_10719,TC034024
iB_10720,TC000665
iB_10721,TC015246
iB_10722,TC032758
iB_10723,TC013337
iB_10724,TC033310
iB_10725,TC003481
iB_10726,TC001067
iB_10727,TC001460
iB_10728,TC009468
iB_10729,TC033553
iB_10730,TC013919
iB_10731,TC012334
iB_10732,TC009218
iB_10733,TC001125
iB_10734,TC007566
iB_10735,TC013656
iB_10736,TC014586
iB_10737,TC007257
iB_10738,TC005434
iB_10739,TC014271
iB_10740,TC009880
iB_10741,TC000318
iB_10742,TC011306
iB_10743,TC007558
iB_10744,TC010827
iB_10745,TC000458
iB_10746,TC006720
iB_10747,TC000008
iB_10747,TC008525
iB_10747,TC010284
iB_10748,TC007827
iB_10748,TC007828
iB_10749,TC007746
iB_10750,TC009045
iB_10751,TC012650
iB_10752,TC003600
iB_10753,TC030389
iB_10754,TC031463
iB_10755,TC007714
iB_10755,TC007715
iB_10756,TC009211
iB_10757,TC031392
iB_10758,TC013016
iB_10759,TC030132
iB_10760,TC013667
iB_10761,TC030779
iB_10762,TC012534
iB_10763,TC030885
iB_10764,TC005069
iB_10765,TC003901
iB_10766,TC030385
iB_10767,TC014018
iB_10768,TC030344
iB_10768,TC033018
iB_10769,TC008181
iB_10770,TC008316
iB_10771,TC002713
iB_10772,TC031988
iB_10773,TC032850
iB_10774,TC004423
iB_10775,TC008277
iB_10776,TC003246
iB_10777,TC015535
iB_10778,TC009739
iB_10779,TC034150
iB_10780,TC009821
iB_10780,TC034794
iB_10781,TC010338
iB_10782,TC034752
iB_10783,TC032728
iB_10784,TC008512
iB_10784,TC032956
iB_10784,TC033893
iB_10785,TC006646
iB_10786,TC034420
iB_10787,TC010204
iB_10787,TC030220
iB_10788,TC006563
iB_10789,TC000364
iB_10790,TC000988
iB_10791,TC034735
iB_10793,TC010846
iB_10794,TC002178
iB_10794,TC009407
iB_10795,TC015358
iB_10796,TC033161
iB_10797,TC000813
iB_10799,TC033215
iB_10800,TC030374
iB_10801,TC010420
iB_10802,TC004802
iB_10803,TC032334
iB_10805,TC003052
iB_10806,TC033637
iB_10807,TC008985
iB_10808,TC006231
iB_10809,TC004563
iB_10810,TC011389
iB_10811,TC001701
iB_10812,TC006360
iB_10813,TC033385
iB_10814,TC010876
iB_10815,TC005836
iB_10816,TC001993
iB_10816,TC005059
iB_10816,TC006075
iB_10816,TC016169
iB_10816,TC031175
iB_10816,TC033503
iB_10817,TC004855
iB_10818,TC012600
iB_10819,TC011611
iB_10820,TC031833
iB_10821,TC033820
iB_10822,TC031828
iB_10822,TC031843
iB_10822,TC034944
iB_10823,TC005411
iB_10824,TC002971
iB_10825,TC006050
iB_10826,TC005292
iB_10826,TC006145
iB_10826,TC006960
iB_10826,TC016184
iB_10826,TC032976
iB_10827,TC005425
iB_10829,TC030136
iB_10830,TC007965
iB_10831,TC004921
iB_10832,TC009384
iB_10833,TC003120
iB_10834,TC007455
iB_10835,TC009112
iB_10835,TC009718
iB_10836,TC030572
iB_10837,TC003568
iB_10838,TC003798
iB_10839,TC015655
iB_10840,TC001347
iB_10841,TC010884
iB_10842,TC015604
iB_10843,TC001560
iB_10844,TC013869
iB_10845,TC014883
iB_10846,TC033858
iB_10847,TC030355
iB_10848,TC014096
iB_10849,TC013859
iB_10850,TC032144
iB_10851,TC030882
iB_10852,TC014545
iB_10852,TC033184
iB_10853,TC012246
iB_10855,TC007383
iB_10856,TC014455
iB_10857,TC014839
iB_10858,TC012327
iB_10859,TC015577
iB_10860,TC013494
iB_10861,TC013082
iB_10861,TC014733
iB_10862,TC033270
iB_10863,TC009165
iB_10864,TC010432
iB_10865,TC011951
iB_10866,TC031095
iB_10867,TC033994
iB_10868,TC031457
iB_10869,TC014464
iB_10870,TC006681
iB_10871,TC006565
iB_10872,TC013485
iB_10873,TC009871
iB_10874,TC034122
iB_10875,TC003653
iB_10876,TC033160
iB_10878,TC011322
iB_10879,TC011555
iB_10880,TC007800
iB_10881,TC009543
iB_10882,TC014814
iB_10883,TC032797
iB_10884,TC030113
iB_10884,TC033212
iB_10885,TC014845
iB_10886,TC008820
iB_10887,TC013508
iB_10888,TC030673
iB_10889,TC030734
iB_10890,TC009512
iB_10891,TC006702
iB_10892,TC013584
iB_10892,TC014221
iB_10893,TC015247
iB_10894,TC000398
iB_10895,TC000583
iB_10896,TC034215
iB_10897,TC006081
iB_10897,TC031267
iB_10898,TC015176
iB_10899,TC009375
iB_10900,TC003674
iB_10901,TC007673
iB_10902,TC013404
iB_10903,TC033258
iB_10904,TC001031
iB_10905,TC010174
iB_10906,TC008924
iB_10907,TC003699
iB_10908,TC005071
iB_10909,TC011559
iB_10910,TC009380
iB_10910,TC009435
iB_10911,TC005923
iB_10912,TC012582
iB_10913,TC004150
iB_10914,TC003391
iB_10915,TC003917
iB_10916,TC011161
iB_10917,TC033837
iB_10918,TC006455
iB_10919,TC012101
iB_10920,TC014852
iB_10921,TC009398
iB_10921,TC009404
iB_10922,TC012867
iB_10923,TC033783
iB_10924,TC012984
iB_10924,TC030940
iB_10924,TC032519
iB_10925,TC015590
iB_10926,TC033083
iB_10927,TC011273
iB_10928,TC006093
iB_10929,TC000305
iB_10930,TC013524
iB_10930,TC031133
iB_10931,TC011133
iB_10932,TC005502
iB_10933,TC014136
iB_10934,TC011270
iB_10934,TC031350
iB_10935,TC007748
iB_10936,TC013490
iB_10936,TC014312
iB_10937,TC032354
iB_10938,TC000706
iB_10939,TC013935
iB_10940,TC009515
iB_10941,TC014094
iB_10942,TC003448
iB_10943,TC013857
iB_10944,TC002592
iB_10944,TC016012
iB_10944,TC031170
iB_10944,TC031853
iB_10945,TC033696
iB_10946,TC010045
iB_10947,TC033412
iB_10949,TC007407
iB_10950,TC009851
iB_10951,TC014863
iB_10952,TC006161
iB_10952,TC033978
iB_10953,TC010164
iB_10954,TC031545
iB_10955,TC009885
iB_10956,TC006356
iB_10956,TC031276
iB_10957,TC004951
iB_10958,TC015234
iB_10959,TC014265
iB_10960,TC003566
iB_10961,TC014175
iB_10962,TC010428
iB_10963,TC012396
iB_10964,TC030587
iB_10965,TC014664
iB_10966,TC000407
iB_10967,TC001072
iB_10968,TC000531
iB_10969,TC007348
iB_10970,TC010007
iB_10971,TC006761
iB_10972,TC003316
iB_10973,TC008922
iB_10974,TC006257
iB_10975,TC001718
iB_10976,TC013248
iB_10976,TC013249
iB_10977,TC012586
iB_10978,TC006118
iB_10979,TC007073
iB_10980,TC005824
iB_10981,TC033267
iB_10982,TC003439
iB_10983,TC005603
iB_10984,TC014737
iB_10985,TC010915
iB_10986,TC009428
iB_10988,TC003810
iB_10989,TC010230
iB_10990,TC031696
iB_10991,TC014219
iB_10992,TC005338
iB_10993,TC032288
iB_10995,TC010963
iB_10996,TC015264
iB_10997,TC009994
iB_10998,TC004746
iB_10999,TC011790
iB_11000,TC004368
iB_11001,TC009383
iB_11002,TC009674
iB_11003,TC032019
iB_11004,TC013173
iB_11005,TC015348
iB_11006,TC002944
iB_11007,TC030598
iB_11007,TC033459
iB_11008,TC031924
iB_11008,TC031978
iB_11008,TC033447
iB_11009,TC004733
iB_11010,TC001557
iB_11011,TC001773
iB_11012,TC033686
iB_11013,TC008818
iB_11014,TC030953
iB_11015,TC016092
iB_11016,TC002611
iB_11017,TC011689
iB_11018,TC012378
iB_11019,TC001674
iB_11020,TC003563
iB_11021,TC013661
iB_11022,TC033016
iB_11023,TC007731
iB_11024,TC011048
iB_11025,TC013541
iB_11026,TC009701
iB_11027,TC008690
iB_11028,TC007873
iB_11029,TC009876
iB_11030,TC015536
iB_11031,TC012315
iB_11032,TC007340
iB_11033,TC032630
iB_11034,TC006778
iB_11034,TC034185
iB_11035,TC012424
iB_11036,TC014551
iB_11037,TC010192
iB_11038,TC030247
iB_11039,TC009681
iB_11040,TC012389
iB_11041,TC032176
iB_11042,TC034831
iB_11043,TC000218
iB_11044,TC005306
iB_11044,TC006819
iB_11045,TC003127
iB_11046,TC007615
iB_11046,TC007891
iB_11047,TC009344
iB_11048,TC015701
iB_11049,TC014153
iB_11050,TC032146
iB_11051,TC031720
iB_11052,TC007707
iB_11053,TC014794
iB_11054,TC003130
iB_11055,TC001978
iB_11056,TC004798
iB_11057,TC009548
iB_12001,TC000033
iB_12002,TC000055
iB_12003,TC000079
iB_12004,TC000092
iB_12005,TC000110
iB_12006,TC000134
iB_12007,TC000159
iB_12008,TC000169
iB_12009,TC000178
iB_12010,TC000217
iB_12011,TC000229
iB_12012,TC000235
iB_12013,TC000236
iB_12014,TC000255
iB_12015,TC000319
iB_12016,TC000322
iB_12017,TC000368
iB_12018,TC000371
iB_12019,TC000372
iB_12020,TC000384
iB_12021,TC000406
iB_12022,TC000426
iB_12023,TC000460
iB_12024,TC000498
iB_12025,TC000524
iB_12026,TC000533
iB_12027,TC000547
iB_12028,TC000548
iB_12029,TC000568
iB_12030,TC000569
iB_12031,TC000581
iB_12032,TC000585
iB_12033,TC000598
iB_12034,TC000634
iB_12035,TC000758
iB_12036,TC000781
iB_12037,TC000897
iB_12038,TC000935
iB_12039,TC000940
iB_12040,TC000955
iB_12041,TC001003
iB_12042,TC001030
iB_12043,TC001041
iB_12044,TC001052
iB_12045,TC001094
iB_12046,TC001104
iB_12047,TC001139
iB_12048,TC001167
iB_12049,TC001249
iB_12050,TC001253
iB_12051,TC001254
iB_12052,TC001270
iB_12053,TC001273
iB_12054,TC001281
iB_12055,TC001301
iB_12056,TC001315
iB_12057,TC001367
iB_12058,TC001369
iB_12059,TC001413
iB_12060,TC001414
iB_12061,TC001416
iB_12062,TC001485
iB_12063,TC001509
iB_12064,TC001524
iB_12065,TC001574
iB_12066,TC001576
iB_12067,TC001593
iB_12068,TC001621
iB_12069,TC001640
iB_12070,TC001664
iB_12071,TC001671
iB_12072,TC001689
iB_12073,TC001692
iB_12074,TC001760
iB_12075,TC001819
iB_12076,TC001820
iB_12077,TC001821
iB_12078,TC001839
iB_12079,TC001842
iB_12080,TC001848
iB_12081,TC001851
iB_12082,TC001919
iB_12083,TC002000
iB_12084,TC002052
iB_12085,TC002059
iB_12086,TC002068
iB_12087,TC002087
iB_12088,TC002122
iB_12089,TC002133
iB_12090,TC002164
iB_12091,TC002187
iB_12092,TC002205
iB_12093,TC002260
iB_12094,TC002305
iB_12095,TC002310
iB_12096,TC002377
iB_12097,TC002406
iB_12098,TC002418
iB_12099,TC002421
iB_12100,TC002461
iB_12101,TC002465
iB_12102,TC002492
iB_12103,TC002595
iB_12104,TC002743
iB_12105,TC002898
iB_12106,TC002985
iB_12107,TC003000
iB_12108,TC003024
iB_12109,TC003124
iB_12110,TC003152
iB_12111,TC003185
iB_12112,TC003214
iB_12113,TC003224
iB_12114,TC003241
iB_12115,TC003251
iB_12116,TC003273
iB_12117,TC003328
iB_12118,TC003369
iB_12119,TC003441
iB_12120,TC003449
iB_12121,TC003495
iB_12122,TC003525
iB_12123,TC003526
iB_12124,TC003572
iB_12125,TC003630
iB_12126,TC003713
iB_12127,TC003719
iB_12128,TC003779
iB_12129,TC003831
iB_12130,TC003835
iB_12131,TC004199
iB_12132,TC004265
iB_12133,TC004346
iB_12134,TC004419
iB_12135,TC004442
iB_12136,TC004443
iB_12137,TC004448
iB_12138,TC004450
iB_12139,TC004459
iB_12140,TC004462
iB_12141,TC004557
iB_12142,TC004558
iB_12143,TC004593
iB_12144,TC004623
iB_12145,TC004628
iB_12146,TC004637
iB_12147,TC004654
iB_12148,TC004669
iB_12149,TC004672
iB_12150,TC004680
iB_12151,TC004701
iB_12152,TC004727
iB_12153,TC004731
iB_12154,TC004763
iB_12155,TC004826
iB_12156,TC004842
iB_12157,TC004872
iB_12158,TC004874
iB_12159,TC004875
iB_12160,TC004877
iB_12161,TC004878
iB_12162,TC004929
iB_12163,TC004931
iB_12164,TC004940
iB_12165,TC004960
iB_12166,TC004962
iB_12167,TC004964
iB_12168,TC005003
iB_12169,TC005015
iB_12170,TC005028
iB_12171,TC005040
iB_12172,TC005042
iB_12173,TC005090
iB_12174,TC005093
iB_12175,TC005096
iB_12176,TC005102
iB_12177,TC005120
iB_12178,TC005122
iB_12179,TC005125
iB_12180,TC005160
iB_12181,TC005195
iB_12182,TC005197
iB_12183,TC005212
iB_12184,TC005254
iB_12185,TC005257
iB_12186,TC005275
iB_12187,TC005334
iB_12188,TC005443
iB_12189,TC005468
iB_12190,TC005485
iB_12191,TC005533
iB_12192,TC005539
iB_12193,TC005541
iB_12194,TC005574
iB_12195,TC005600
iB_12196,TC005641
iB_12197,TC005648
iB_12198,TC005649
iB_12199,TC005677
iB_12200,TC005756
iB_12201,TC005779
iB_12202,TC005784
iB_12203,TC005811
iB_12204,TC005816
iB_12205,TC005848
iB_12206,TC005860
iB_12207,TC005868
iB_12208,TC005905
iB_12209,TC005907
iB_12210,TC005938
iB_12211,TC005955
iB_12212,TC005968
iB_12213,TC005982
iB_12214,TC005984
iB_12215,TC005991
iB_12216,TC006017
iB_12217,TC006018
iB_12218,TC006039
iB_12219,TC006051
iB_12220,TC006057
iB_12221,TC006072
iB_12222,TC006099
iB_12223,TC006101
iB_12224,TC006103
iB_12225,TC006105
iB_12226,TC006106
iB_12227,TC006117
iB_12228,TC006128
iB_12229,TC006134
iB_12230,TC006164
iB_12231,TC006166
iB_12232,TC006171
iB_12233,TC006173
iB_12234,TC006176
iB_12235,TC006184
iB_12236,TC006185
iB_12237,TC006239
iB_12238,TC006245
iB_12239,TC006250
iB_12240,TC006273
iB_12241,TC006275
iB_12242,TC006278
iB_12243,TC006287
iB_12244,TC006307
iB_12245,TC006318
iB_12246,TC006364
iB_12247,TC006371
iB_12248,TC006393
iB_12249,TC006415
iB_12250,TC006444
iB_12251,TC006469
iB_12252,TC006476
iB_12253,TC006483
iB_12254,TC006484
iB_12255,TC006501
iB_12256,TC006519
iB_12257,TC006524
iB_12258,TC006526
iB_12259,TC006559
iB_12260,TC006561
iB_12261,TC006574
iB_12262,TC006587
iB_12263,TC006633
iB_12264,TC006663
iB_12265,TC006688
iB_12266,TC006698
iB_12267,TC006707
iB_12268,TC006746
iB_12269,TC006754
iB_12270,TC006759
iB_12271,TC006765
iB_12272,TC006770
iB_12273,TC006803
iB_12274,TC006805
iB_12275,TC006816
iB_12276,TC006817
iB_12277,TC006830
iB_12278,TC006841
iB_12279,TC006847
iB_12280,TC006874
iB_12281,TC006882
iB_12282,TC006884
iB_12283,TC006891
iB_12284,TC006892
iB_12285,TC006897
iB_12286,TC006941
iB_12287,TC006946
iB_12288,TC006955
iB_12289,TC006956
iB_12290,TC006961
iB_12291,TC006963
iB_12292,TC007000
iB_12293,TC007025
iB_12294,TC007029
iB_12295,TC007037
iB_12296,TC007071
iB_12297,TC007089
iB_12298,TC007090
iB_12299,TC007097
iB_12300,TC007126
iB_12301,TC007128
iB_12302,TC007134
iB_12303,TC007148
iB_12304,TC007151
iB_12305,TC007153
iB_12306,TC007233
iB_12307,TC007235
iB_12308,TC007282
iB_12309,TC007283
iB_12310,TC007310
iB_12311,TC007316
iB_12312,TC007320
iB_12313,TC007321
iB_12314,TC007332
iB_12315,TC007342
iB_12316,TC007347
iB_12317,TC007370
iB_12318,TC007371
iB_12319,TC007409
iB_12320,TC007410
iB_12321,TC007421
iB_12322,TC007429
iB_12323,TC007440
iB_12324,TC007444
iB_12325,TC007446
iB_12326,TC007451
iB_12327,TC007457
iB_12328,TC007481
iB_12329,TC007486
iB_12330,TC007506
iB_12331,TC007532
iB_12332,TC007631
iB_12333,TC007635
iB_12334,TC007636
iB_12335,TC007648
iB_12336,TC007692
iB_12337,TC007697
iB_12338,TC007724
iB_12339,TC007729
iB_12340,TC007737
iB_12341,TC007741
iB_12342,TC007742
iB_12343,TC007744
iB_12344,TC007752
iB_12345,TC007754
iB_12346,TC007755
iB_12347,TC007756
iB_12348,TC007761
iB_12349,TC007765
iB_12350,TC007766
iB_12351,TC007772
iB_12352,TC007795
iB_12353,TC007802
iB_12354,TC007810
iB_12355,TC007815
iB_12356,TC007826
iB_12357,TC007830
iB_12358,TC007845
iB_12359,TC007847
iB_12360,TC007848
iB_12361,TC007859
iB_12362,TC007861
iB_12363,TC007906
iB_12364,TC007920
iB_12365,TC007925
iB_12366,TC007932
iB_12367,TC007949
iB_12368,TC007952
iB_12369,TC007973
iB_12370,TC008029
iB_12371,TC008031
iB_12372,TC008035
iB_12373,TC008063
iB_12374,TC008069
iB_12375,TC008100
iB_12376,TC008125
iB_12377,TC008161
iB_12378,TC008162
iB_12379,TC008167
iB_12380,TC008222
iB_12381,TC008293
iB_12382,TC008295
iB_12383,TC008296
iB_12384,TC008299
iB_12385,TC008300
iB_12386,TC008311
iB_12387,TC008319
iB_12388,TC008325
iB_12389,TC008334
iB_12390,TC008357
iB_12391,TC008358
iB_12392,TC008359
iB_12393,TC008400
iB_12394,TC008402
iB_12395,TC008410
iB_12396,TC008413
iB_12397,TC008420
iB_12398,TC008428
iB_12399,TC008441
iB_12400,TC008468
iB_12401,TC008479
iB_12402,TC008501
iB_12403,TC008513
iB_12404,TC008520
iB_12405,TC008534
iB_12406,TC008546
iB_12407,TC008585
iB_12408,TC008587
iB_12409,TC008611
iB_12410,TC008647
iB_12411,TC008651
iB_12412,TC008661
iB_12413,TC008663
iB_12414,TC008666
iB_12415,TC008667
iB_12416,TC008706
iB_12417,TC008708
iB_12418,TC008728
iB_12419,TC008756
iB_12420,TC008757
iB_12421,TC008759
iB_12422,TC008770
iB_12423,TC008776
iB_12424,TC008780
iB_12425,TC008809
iB_12426,TC008835
iB_12427,TC008836
iB_12428,TC008841
iB_12429,TC008873
iB_12430,TC008878
iB_12431,TC008879
iB_12432,TC008898
iB_12433,TC008905
iB_12434,TC008933
iB_12435,TC008966
iB_12436,TC008972
iB_12437,TC009015
iB_12438,TC009017
iB_12439,TC009022
iB_12440,TC009033
iB_12441,TC009044
iB_12442,TC009072
iB_12443,TC009079
iB_12444,TC009084
iB_12445,TC009104
iB_12446,TC009112
iB_12447,TC009164
iB_12448,TC009176
iB_12449,TC009179
iB_12450,TC009195
iB_12451,TC009206
iB_12452,TC009223
iB_12453,TC009255
iB_12454,TC009256
iB_12455,TC009301
iB_12456,TC009312
iB_12457,TC009326
iB_12458,TC009329
iB_12459,TC009364
iB_12460,TC009388
iB_12461,TC009390
iB_12462,TC009392
iB_12463,TC009399
iB_12464,TC009410
iB_12465,TC009412
iB_12466,TC009423
iB_12467,TC009433
iB_12468,TC009434
iB_12469,TC009437
iB_12470,TC009443
iB_12471,TC009448
iB_12472,TC009460
iB_12473,TC009467
iB_12474,TC009471
iB_12475,TC009485
iB_12476,TC009519
iB_12477,TC009526
iB_12478,TC009574
iB_12479,TC009589
iB_12480,TC009596
iB_12481,TC009597
iB_12482,TC009602
iB_12483,TC009624
iB_12484,TC009627
iB_12485,TC009631
iB_12486,TC009636
iB_12487,TC009649
iB_12488,TC009682
iB_12489,TC009683
iB_12490,TC009707
iB_12491,TC009719
iB_12492,TC009722
iB_12493,TC009724
iB_12494,TC009733
iB_12495,TC009788
iB_12496,TC009805
iB_12497,TC009833
iB_12498,TC009835
iB_12499,TC009837
iB_12500,TC009879
iB_12501,TC009884
iB_12502,TC009891
iB_12503,TC009892
iB_12504,TC009902
iB_12505,TC009911
iB_12506,TC009930
iB_12507,TC009966
iB_12508,TC009972
iB_12509,TC009997
iB_12510,TC010035
iB_12511,TC010038
iB_12512,TC010048
iB_12513,TC010056
iB_12514,TC010063
iB_12515,TC010064
iB_12516,TC010066
iB_12517,TC010068
iB_12518,TC010069
iB_12519,TC010070
iB_12520,TC010082
iB_12521,TC010110
iB_12522,TC010137
iB_12523,TC010139
iB_12524,TC010168
iB_12525,TC010252
iB_12526,TC010255
iB_12527,TC010275
iB_12528,TC010284
iB_12529,TC010289
iB_12530,TC010302
iB_12531,TC010314
iB_12532,TC010337
iB_12533,TC010339
iB_12534,TC010355
iB_12535,TC010361
iB_12536,TC010362
iB_12537,TC010372
iB_12538,TC010389
iB_12539,TC010403
iB_12540,TC010413
iB_12541,TC010414
iB_12542,TC010422
iB_12543,TC010425
iB_12544,TC010457
iB_12545,TC010471
iB_12546,TC010478
iB_12547,TC010488
iB_12548,TC010490
iB_12549,TC010506
iB_12550,TC010512
iB_12551,TC010521
iB_12552,TC010530
iB_12553,TC010559
iB_12554,TC010572
iB_12555,TC010573
iB_12556,TC010581
iB_12557,TC010610
iB_12558,TC010612
iB_12559,TC010648
iB_12560,TC010658
iB_12561,TC010678
iB_12562,TC010694
iB_12563,TC010712
iB_12564,TC010713
iB_12565,TC010720
iB_12566,TC010738
iB_12567,TC010739
iB_12568,TC010770
iB_12569,TC010781
iB_12570,TC010795
iB_12571,TC010813
iB_12572,TC010814
iB_12573,TC010840
iB_12574,TC010844
iB_12575,TC010866
iB_12576,TC010873
iB_12577,TC010899
iB_12578,TC010921
iB_12579,TC010928
iB_12580,TC010932
iB_12581,TC010972
iB_12582,TC011000
iB_12583,TC011004
iB_12584,TC011006
iB_12585,TC011011
iB_12586,TC011061
iB_12587,TC011086
iB_12588,TC011123
iB_12589,TC011141
iB_12590,TC011145
iB_12591,TC011148
iB_12592,TC011149
iB_12593,TC011156
iB_12594,TC011162
iB_12595,TC011179
iB_12596,TC011232
iB_12597,TC011245
iB_12598,TC011259
iB_12599,TC011264
iB_12600,TC011280
iB_12601,TC011284
iB_12602,TC011320
iB_12603,TC011324
iB_12604,TC011353
iB_12605,TC011373
iB_12606,TC011385
iB_12607,TC011410
iB_12608,TC011412
iB_12609,TC011420
iB_12610,TC011427
iB_12611,TC011449
iB_12612,TC011465
iB_12613,TC011467
iB_12614,TC011471
iB_12615,TC011483
iB_12616,TC011488
iB_12617,TC011515
iB_12618,TC011528
iB_12619,TC011557
iB_12620,TC011568
iB_12621,TC011571
iB_12622,TC011576
iB_12623,TC011585
iB_12624,TC011599
iB_12625,TC011619
iB_12626,TC011668
iB_12627,TC011683
iB_12628,TC011696
iB_12629,TC011721
iB_12630,TC011723
iB_12631,TC011729
iB_12632,TC011736
iB_12633,TC011738
iB_12634,TC011788
iB_12635,TC011789
iB_12636,TC011797
iB_12637,TC011806
iB_12638,TC011824
iB_12639,TC011825
iB_12640,TC011830
iB_12641,TC011837
iB_12642,TC011849
iB_12643,TC011867
iB_12644,TC011914
iB_12645,TC011918
iB_12646,TC011926
iB_12647,TC011967
iB_12648,TC011993
iB_12649,TC011994
iB_12650,TC011997
iB_12651,TC012044
iB_12652,TC012056
iB_12653,TC012081
iB_12654,TC012082
iB_12655,TC012115
iB_12656,TC012118
iB_12657,TC012128
iB_12658,TC012205
iB_12659,TC012215
iB_12660,TC012231
iB_12661,TC012232
iB_12662,TC012270
iB_12663,TC012283
iB_12664,TC012289
iB_12665,TC012363
iB_12666,TC012391
iB_12667,TC012410
iB_12668,TC012448
iB_12669,TC012469
iB_12670,TC012482
iB_12671,TC012495
iB_12672,TC012498
iB_12673,TC012500
iB_12674,TC012501
iB_12675,TC012503
iB_12676,TC012504
iB_12677,TC012511
iB_12678,TC012538
iB_12679,TC012543
iB_12680,TC012547
iB_12681,TC012563
iB_12682,TC012576
iB_12683,TC012580
iB_12684,TC012593
iB_12685,TC012597
iB_12686,TC012598
iB_12687,TC012624
iB_12688,TC012626
iB_12689,TC012627
iB_12690,TC012628
iB_12691,TC012630
iB_12692,TC012631
iB_12693,TC012632
iB_12694,TC012638
iB_12695,TC012656
iB_12696,TC012674
iB_12697,TC012676
iB_12698,TC012677
iB_12699,TC012691
iB_12700,TC012708
iB_12701,TC012725
iB_12702,TC012729
iB_12703,TC012734
iB_12704,TC012749
iB_12705,TC012769
iB_12706,TC012770
iB_12707,TC012771
iB_12708,TC012773
iB_12709,TC012775
iB_12710,TC012778
iB_12711,TC012793
iB_12712,TC012814
iB_12713,TC012815
iB_12714,TC012844
iB_12715,TC012852
iB_12716,TC012855
iB_12717,TC012864
iB_12718,TC012876
iB_12719,TC012882
iB_12720,TC012894
iB_12721,TC012904
iB_12722,TC012908
iB_12723,TC012911
iB_12724,TC012913
iB_12725,TC012929
iB_12726,TC012931
iB_12727,TC012990
iB_12728,TC013000
iB_12729,TC013001
iB_12730,TC013007
iB_12731,TC013008
iB_12732,TC013013
iB_12733,TC013019
iB_12734,TC013020
iB_12735,TC013031
iB_12736,TC013033
iB_12737,TC013034
iB_12738,TC013052
iB_12739,TC013056
iB_12740,TC013057
iB_12741,TC013061
iB_12742,TC013063
iB_12743,TC013075
iB_12744,TC013076
iB_12745,TC013078
iB_12746,TC013079
iB_12747,TC013081
iB_12748,TC013087
iB_12749,TC013096
iB_12750,TC013109
iB_12751,TC013112
iB_12752,TC013116
iB_12753,TC013125
iB_12754,TC013128
iB_12755,TC013129
iB_12756,TC013130
iB_12757,TC013131
iB_12758,TC013132
iB_12759,TC013133
iB_12760,TC013136
iB_12761,TC013137
iB_12762,TC013138
iB_12763,TC013142
iB_12764,TC013143
iB_12765,TC013149
iB_12766,TC013150
iB_12767,TC013171
iB_12768,TC013175
iB_12769,TC013178
iB_12770,TC013179
iB_12771,TC013189
iB_12772,TC013192
iB_12773,TC013202
iB_12774,TC013213
iB_12775,TC013214
iB_12776,TC013218
iB_12777,TC013220
iB_12778,TC013241
iB_12779,TC013255
iB_12780,TC013256
iB_12781,TC013259
iB_12782,TC013295
iB_12783,TC013303
iB_12784,TC013307
iB_12785,TC013311
iB_12786,TC013312
iB_12787,TC013313
iB_12788,TC013314
iB_12789,TC013318
iB_12790,TC013319
iB_12791,TC013320
iB_12792,TC013322
iB_12793,TC013323
iB_12794,TC013327
iB_12795,TC013328
iB_12796,TC013335
iB_12797,TC013346
iB_12798,TC013351
iB_12799,TC013356
iB_12800,TC013357
iB_12801,TC013365
iB_12802,TC013370
iB_12803,TC013394
iB_12804,TC013401
iB_12805,TC013402
iB_12806,TC013409
iB_12807,TC013414
iB_12808,TC013415
iB_12809,TC013425
iB_12810,TC013427
iB_12811,TC013433
iB_12812,TC013449
iB_12813,TC013455
iB_12814,TC013457
iB_12815,TC013460
iB_12816,TC013479
iB_12817,TC013491
iB_12818,TC013492
iB_12819,TC013495
iB_12820,TC013507
iB_12821,TC013516
iB_12822,TC013517
iB_12823,TC013519
iB_12824,TC013521
iB_12825,TC013531
iB_12826,TC013542
iB_12827,TC013567
iB_12828,TC013570
iB_12829,TC013572
iB_12830,TC013574
iB_12831,TC013579
iB_12832,TC013592
iB_12833,TC013594
iB_12834,TC013598
iB_12835,TC013625
iB_12836,TC013629
iB_12837,TC013648
iB_12838,TC013652
iB_12839,TC013653
iB_12840,TC013662
iB_12841,TC013669
iB_12842,TC013679
iB_12843,TC013680
iB_12844,TC013681
iB_12845,TC013691
iB_12846,TC013712
iB_12847,TC013716
iB_12848,TC013724
iB_12849,TC013740
iB_12850,TC013742
iB_12851,TC013750
iB_12852,TC013756
iB_12853,TC013788
iB_12854,TC013809
iB_12855,TC013810
iB_12856,TC013811
iB_12857,TC013814
iB_12858,TC013818
iB_12859,TC013819
iB_12860,TC013820
iB_12861,TC013823
iB_12862,TC013825
iB_12863,TC013826
iB_12864,TC013828
iB_12865,TC013838
iB_12866,TC013873
iB_12867,TC013928
iB_12868,TC013948
iB_12869,TC013990
iB_12870,TC014006
iB_12871,TC014015
iB_12872,TC014021
iB_12873,TC014027
iB_12874,TC014052
iB_12875,TC014086
iB_12876,TC014090
iB_12877,TC014102
iB_12878,TC014103
iB_12879,TC014110
iB_12880,TC014150
iB_12881,TC014185
iB_12882,TC014229
iB_12883,TC014258
iB_12884,TC014293
iB_12885,TC014299
iB_12886,TC014343
iB_12887,TC014347
iB_12888,TC014382
iB_12889,TC014388
iB_12890,TC014405
iB_12891,TC014408
iB_12892,TC014409
iB_12893,TC014428
iB_12894,TC014440
iB_12895,TC014460
iB_12896,TC014497
iB_12897,TC014499
iB_12898,TC014518
iB_12899,TC014537
iB_12900,TC014540
iB_12901,TC014547
iB_12902,TC014564
iB_12903,TC014566
iB_12904,TC014568
iB_12905,TC014574
iB_12906,TC014582
iB_12907,TC014589
iB_12908,TC014592
iB_12909,TC014595
iB_12910,TC014610
iB_12911,TC014611
iB_12912,TC014617
iB_12913,TC014636
iB_12914,TC014653
iB_12915,TC014673
iB_12916,TC014680
iB_12917,TC014690
iB_12918,TC014701
iB_12919,TC014720
iB_12920,TC014749
iB_12921,TC014771
iB_12922,TC014789
iB_12923,TC014820
iB_12924,TC014853
iB_12925,TC014872
iB_12926,TC014888
iB_12927,TC014895
iB_12928,TC014918
iB_12929,TC014944
iB_12930,TC014956
iB_12931,TC014960
iB_12932,TC014961
iB_12933,TC014962
iB_12934,TC014988
iB_12935,TC015013
iB_12936,TC015028
iB_12937,TC015041
iB_12938,TC015042
iB_12939,TC015044
iB_12940,TC015069
iB_12941,TC015101
iB_12942,TC015103
iB_12943,TC015149
iB_12944,TC015158
iB_12945,TC015159
iB_12946,TC015183
iB_12947,TC015201
iB_12948,TC015216
iB_12949,TC015273
iB_12950,TC015275
iB_12951,TC015285
iB_12952,TC015291
iB_12953,TC015294
iB_12954,TC015296
iB_12955,TC015299
iB_12956,TC015309
iB_12957,TC015339
iB_12958,TC015340
iB_12959,TC015342
iB_12960,TC015343
iB_12961,TC015374
iB_12962,TC015376
iB_12963,TC015377
iB_12964,TC015395
iB_12965,TC015400
iB_12966,TC015418
iB_12967,TC015423
iB_12968,TC015428
iB_12969,TC015442
iB_12970,TC015443
iB_12971,TC015463
iB_12972,TC015473
iB_12973,TC015474
iB_12974,TC015512
iB_12975,TC015520
iB_12976,TC015521
iB_12977,TC015538
iB_12978,TC015553
iB_12979,TC015579
iB_12980,TC015583
iB_12981,TC015609
iB_12982,TC015610
iB_12983,TC015633
iB_12984,TC015643
iB_12985,TC015654
iB_12986,TC015657
iB_12987,TC015691
iB_12988,TC015711
iB_12989,TC015715
iB_12990,TC015720
iB_12991,TC015754
iB_12992,TC015757
iB_12993,TC015763
iB_12994,TC015780
iB_12995,TC015806
iB_12996,TC015808
iB_12997,TC015826
iB_12998,TC015831
iB_12999,TC015856
iB_13000,TC015888
iB_13001,TC015901
iB_13002,TC015908
iB_13003,TC015910
iB_13004,TC015928
iB_13005,TC015967
iB_13006,TC015973
iB_13007,TC015977
iB_13008,TC015980
iB_13009,TC015984
iB_13010,TC015991
iB_13011,TC015996
iB_13012,TC015998
iB_13013,TC016022
iB_13014,TC016029
iB_13015,TC016069
iB_13016,TC016070
iB_13017,TC016074
iB_13018,TC016078
iB_13019,TC016079
iB_13020,TC016112
iB_13021,TC016134
iB_13022,TC016140
iB_13023,TC016155
iB_13024,TC016190
iB_13025,TC016258
iB_13026,TC016280
iB_13027,TC016281
iB_13028,TC016296
iB_13029,TC016303
iB_13030,TC016325
iB_13031,TC016340
iB_13032,TC016346
iB_13033,TC016347
iB_13034,TC016366
iB_13035,TC016407
iB_13036,TC016408
iB_13037,TC016411
iB_13038,TC016420
iB_13039,TC030006
iB_13040,TC030022
iB_13041,TC030044
iB_13042,TC030045
iB_13043,TC030046
iB_13044,TC030047
iB_13045,TC030048
iB_13046,TC030049
iB_13047,TC030050
iB_13048,TC030101
iB_13049,TC030105
iB_13050,TC030109
iB_13051,TC030121
iB_13052,TC030126
iB_13053,TC030137
iB_13054,TC030139
iB_13055,TC030141
iB_13056,TC030142
iB_13057,TC030144
iB_13058,TC030145
iB_13059,TC030146
iB_13060,TC030147
iB_13061,TC030148
iB_13062,TC030149
iB_13063,TC030150
iB_13064,TC030155
iB_13065,TC030157
iB_13066,TC030158
iB_13067,TC030159
iB_13068,TC030160
iB_13069,TC030162
iB_13070,TC030163
iB_13071,TC030164
iB_13072,TC030166
iB_13073,TC030167
iB_13074,TC030168
iB_13075,TC030176
iB_13076,TC030177
iB_13077,TC030179
iB_13078,TC030180
iB_13079,TC030183
iB_13080,TC030184
iB_13081,TC030190
iB_13082,TC030193
iB_13083,TC030197
iB_13084,TC030198
iB_13085,TC030199
iB_13086,TC030200
iB_13087,TC030201
iB_13088,TC030202
iB_13089,TC030203
iB_13090,TC030204
iB_13091,TC030205
iB_13092,TC030206
iB_13093,TC030208
iB_13094,TC030210
iB_13095,TC030214
iB_13096,TC030215
iB_13097,TC030216
iB_13098,TC030222
iB_13099,TC030225
iB_13100,TC030227
iB_13101,TC030228
iB_13102,TC030233
iB_13103,TC030234
iB_13104,TC030236
iB_13105,TC030237
iB_13106,TC030241
iB_13107,TC030244
iB_13108,TC030246
iB_13109,TC030248
iB_13110,TC030252
iB_13111,TC030253
iB_13112,TC030254
iB_13113,TC030255
iB_13114,TC030258
iB_13115,TC030259
iB_13116,TC030260
iB_13117,TC030261
iB_13118,TC030263
iB_13119,TC030264
iB_13120,TC030266
iB_13121,TC030271
iB_13122,TC030275
iB_13123,TC030276
iB_13124,TC030277
iB_13125,TC030279
iB_13126,TC030314
iB_13127,TC030315
iB_13128,TC030318
iB_13129,TC030321
iB_13130,TC030334
iB_13131,TC030338
iB_13132,TC030349
iB_13133,TC030351
iB_13134,TC030352
iB_13135,TC030356
iB_13136,TC030357
iB_13137,TC030359
iB_13138,TC030360
iB_13139,TC030361
iB_13140,TC030368
iB_13141,TC030370
iB_13142,TC030372
iB_13143,TC030377
iB_13144,TC030384
iB_13145,TC030388
iB_13146,TC030390
iB_13147,TC030391
iB_13148,TC030397
iB_13149,TC030399
iB_13150,TC030402
iB_13151,TC030408
iB_13152,TC030409
iB_13153,TC030410
iB_13154,TC030411
iB_13155,TC030412
iB_13156,TC030413
iB_13157,TC030414
iB_13158,TC030415
iB_13159,TC030419
iB_13160,TC030423
iB_13161,TC030424
iB_13162,TC030425
iB_13163,TC030430
iB_13164,TC030431
iB_13165,TC030443
iB_13166,TC030445
iB_13167,TC030447
iB_13168,TC030448
iB_13169,TC030449
iB_13170,TC030450
iB_13171,TC030451
iB_13172,TC030463
iB_13173,TC030556
iB_13174,TC030562
iB_13175,TC030565
iB_13176,TC030568
iB_13177,TC030602
iB_13178,TC030606
iB_13179,TC030615
iB_13180,TC030617
iB_13181,TC030646
iB_13182,TC030665
iB_13183,TC030677
iB_13184,TC030678
iB_13185,TC030692
iB_13186,TC030694
iB_13187,TC030695
iB_13188,TC030697
iB_13189,TC030737
iB_13190,TC030774
iB_13191,TC030878
iB_13192,TC030883
iB_13193,TC030891
iB_13194,TC030897
iB_13195,TC030909
iB_13196,TC030982
iB_13197,TC031005
iB_13198,TC031013
iB_13199,TC031030
iB_13200,TC031034
iB_13201,TC031057
iB_13202,TC031088
iB_13203,TC031148
iB_13204,TC031149
iB_13205,TC031154
iB_13206,TC031155
iB_13207,TC031170
iB_13208,TC031172
iB_13209,TC031183
iB_13210,TC031204
iB_13211,TC031209
iB_13212,TC031219
iB_13213,TC031234
iB_13214,TC031240
iB_13215,TC031253
iB_13216,TC031266
iB_13217,TC031269
iB_13218,TC031280
iB_13219,TC031297
iB_13220,TC031314
iB_13221,TC031328
iB_13222,TC031331
iB_13223,TC031350
iB_13224,TC031358
iB_13225,TC031368
iB_13226,TC031385
iB_13227,TC031390
iB_13228,TC031396
iB_13229,TC031403
iB_13230,TC031410
iB_13231,TC031422
iB_13232,TC031448
iB_13233,TC031449
iB_13234,TC031461
iB_13235,TC031465
iB_13236,TC031466
iB_13237,TC031503
iB_13238,TC031506
iB_13239,TC031512
iB_13240,TC031525
iB_13241,TC031528
iB_13242,TC031546
iB_13243,TC031549
iB_13244,TC031579
iB_13245,TC031581
iB_13246,TC031595
iB_13247,TC031599
iB_13248,TC031610
iB_13249,TC031614
iB_13250,TC031634
iB_13251,TC031642
iB_13252,TC031646
iB_13253,TC031660
iB_13254,TC031676
iB_13255,TC031680
iB_13256,TC031689
iB_13257,TC031697
iB_13258,TC031700
iB_13259,TC031713
iB_13260,TC031726
iB_13261,TC031755
iB_13262,TC031764
iB_13263,TC031794
iB_13264,TC031830
iB_13265,TC031880
iB_13266,TC031894
iB_13267,TC031901
iB_13268,TC031912
iB_13269,TC031913
iB_13270,TC031914
iB_13271,TC031924
iB_13272,TC031925
iB_13273,TC031930
iB_13274,TC031935
iB_13275,TC031936
iB_13276,TC031959
iB_13277,TC031978
iB_13278,TC031980
iB_13279,TC032002
iB_13280,TC032024
iB_13281,TC032032
iB_13282,TC032033
iB_13283,TC032052
iB_13284,TC032053
iB_13285,TC032057
iB_13286,TC032059
iB_13287,TC032061
iB_13288,TC032072
iB_13289,TC032075
iB_13290,TC032076
iB_13291,TC032092
iB_13292,TC032098
iB_13293,TC032113
iB_13294,TC032125
iB_13295,TC032130
iB_13296,TC032136
iB_13297,TC032143
iB_13298,TC032152
iB_13299,TC032156
iB_13300,TC032170
iB_13301,TC032181
iB_13302,TC032189
iB_13303,TC032204
iB_13304,TC032206
iB_13305,TC032216
iB_13306,TC032256
iB_13307,TC032263
iB_13308,TC032265
iB_13309,TC032283
iB_13310,TC032284
iB_13311,TC032296
iB_13312,TC032297
iB_13313,TC032304
iB_13314,TC032305
iB_13315,TC032323
iB_13316,TC032328
iB_13317,TC032330
iB_13318,TC032337
iB_13319,TC032346
iB_13320,TC032374
iB_13321,TC032420
iB_13322,TC032430
iB_13323,TC032439
iB_13324,TC032466
iB_13325,TC032503
iB_13326,TC032504
iB_13327,TC032509
iB_13328,TC032536
iB_13329,TC032538
iB_13330,TC032557
iB_13331,TC032558
iB_13332,TC032568
iB_13333,TC032576
iB_13334,TC032578
iB_13335,TC032603
iB_13336,TC032611
iB_13337,TC032619
iB_13338,TC032622
iB_13339,TC032653
iB_13340,TC032655
iB_13341,TC032657
iB_13342,TC032675
iB_13343,TC032685
iB_13344,TC032723
iB_13345,TC032731
iB_13346,TC032732
iB_13347,TC032734
iB_13348,TC032736
iB_13349,TC032740
iB_13350,TC032751
iB_13351,TC032759
iB_13352,TC032772
iB_13353,TC032777
iB_13354,TC032785
iB_13355,TC032788
iB_13356,TC032796
iB_13357,TC032806
iB_13358,TC032811
iB_13359,TC032823
iB_13360,TC032827
iB_13361,TC032833
iB_13362,TC032835
iB_13363,TC032872
iB_13364,TC032874
iB_13365,TC032904
iB_13366,TC032905
iB_13367,TC032932
iB_13368,TC032937
iB_13369,TC032945
iB_13370,TC032957
iB_13371,TC032963
iB_13372,TC032968
iB_13373,TC032977
iB_13374,TC033005
iB_13375,TC033015
iB_13376,TC033037
iB_13377,TC033044
iB_13378,TC033063
iB_13379,TC033064
iB_13380,TC033093
iB_13381,TC033098
iB_13382,TC033119
iB_13383,TC033125
iB_13384,TC033142
iB_13385,TC033143
iB_13386,TC033146
iB_13387,TC033151
iB_13388,TC033176
iB_13389,TC033199
iB_13390,TC033207
iB_13391,TC033210
iB_13392,TC033226
iB_13393,TC033231
iB_13394,TC033234
iB_13395,TC033238
iB_13396,TC033240
iB_13397,TC033244
iB_13398,TC033245
iB_13399,TC033250
iB_13400,TC033252
iB_13401,TC033255
iB_13402,TC033257
iB_13403,TC033281
iB_13404,TC033289
iB_13405,TC033301
iB_13406,TC033302
iB_13407,TC033305
iB_13408,TC033315
iB_13409,TC033319
iB_13410,TC033327
iB_13411,TC033342
iB_13412,TC033348
iB_13413,TC033387
iB_13414,TC033390
iB_13415,TC033397
iB_13416,TC033407
iB_13417,TC033408
iB_13418,TC033437
iB_13419,TC033440
iB_13420,TC033443
iB_13421,TC033453
iB_13422,TC033489
iB_13423,TC033495
iB_13424,TC033496
iB_13425,TC033498
iB_13426,TC033506
iB_13427,TC033511
iB_13428,TC033512
iB_13429,TC033513
iB_13430,TC033517
iB_13431,TC033531
iB_13432,TC033532
iB_13433,TC033546
iB_13434,TC033556
iB_13435,TC033564
iB_13436,TC033565
iB_13437,TC033571
iB_13438,TC033583
iB_13439,TC033607
iB_13440,TC033612
iB_13441,TC033616
iB_13442,TC033617
iB_13443,TC033629
iB_13444,TC033633
iB_13445,TC033650
iB_13446,TC033680
iB_13447,TC033682
iB_13448,TC033689
iB_13449,TC033701
iB_13450,TC033704
iB_13451,TC033709
iB_13452,TC033710
iB_13453,TC033732
iB_13454,TC033733
iB_13455,TC033734
iB_13456,TC033739
iB_13457,TC033748
iB_13458,TC033750
iB_13459,TC033772
iB_13460,TC033775
iB_13461,TC033792
iB_13462,TC033825
iB_13463,TC033830
iB_13464,TC033834
iB_13465,TC033845
iB_13466,TC033847
iB_13467,TC033866
iB_13468,TC033872
iB_13469,TC033879
iB_13470,TC033891
iB_13471,TC033894
iB_13472,TC033901
iB_13473,TC033920
iB_13474,TC033927
iB_13475,TC033951
iB_13476,TC033970
iB_13477,TC033973
iB_13478,TC034010
iB_13479,TC034016
iB_13480,TC034021
iB_13481,TC034049
iB_13482,TC034056
iB_13483,TC034084
iB_13484,TC034089
iB_13485,TC034092
iB_13486,TC034098
iB_13487,TC034106
iB_13488,TC034126
iB_13489,TC034137
iB_13490,TC034143
iB_13491,TC034184
iB_13492,TC034186
iB_13493,TC034194
iB_13494,TC034201
iB_13495,TC034202
iB_13496,TC034216
iB_13497,TC034217
iB_13498,TC034222
iB_13499,TC034240
iB_13500,TC034241
iB_13501,TC034244
iB_13502,TC034247
iB_13503,TC034249
iB_13504,TC034251
iB_13505,TC034283
iB_13506,TC034292
iB_13507,TC034300
iB_13508,TC034326
iB_13509,TC034333
iB_13510,TC034352
iB_13511,TC034360
iB_13512,TC034373
iB_13513,TC034378
iB_13514,TC034393
iB_13515,TC034397
iB_13516,TC034404
iB_13517,TC034407
iB_13518,TC034413
iB_13519,TC034416
iB_13520,TC034418
iB_13521,TC034419
iB_13522,TC034424
iB_13523,TC034433
iB_13524,TC034440
iB_13525,TC034455
iB_13526,TC034459
iB_13527,TC034461
iB_13528,TC034464
iB_13529,TC034472
iB_13530,TC034475
iB_13531,TC034478
iB_13532,TC034483
iB_13533,TC034494
iB_13534,TC034495
iB_13535,TC034504
iB_13536,TC034529
iB_13537,TC034547
iB_13538,TC034552
iB_13539,TC034560
iB_13540,TC034564
iB_13541,TC034598
iB_13542,TC034606
iB_13543,TC034607
iB_13544,TC034620
iB_13545,TC034624
iB_13546,TC034629
iB_13547,TC034640
iB_13548,TC034641
iB_13549,TC034642
iB_13550,TC034643
iB_13551,TC034645
iB_13552,TC034655
iB_13553,TC034656
iB_13554,TC034662
iB_13555,TC034666
iB_13556,TC034670
iB_13557,TC034671
iB_13558,TC034684
iB_13559,TC034685
iB_13560,TC034694
iB_13561,TC034701
iB_13562,TC034704
iB_13563,TC034717
iB_13564,TC034723
iB_13565,TC034733
iB_13566,TC034745
iB_13567,TC034751
iB_13568,TC034761
iB_13569,TC034771
iB_13570,TC034779
iB_13571,TC034786
iB_13572,TC034796
iB_13573,TC034803
iB_13574,TC034827
iB_13575,TC034829
iB_13576,TC034847
iB_13577,TC034895
iB_13578,TC034897
iB_13579,TC034917
iB_13580,TC034923
iB_13581,TC034949
iB_13582,TC034969
iB_13583,TC034990
iB_13584,TC035026
iB_13585,TC035033
iB_13586,TC035046
iB_13587,TC035050
iB_13588,TC035053
iB_13589,TC000035
iB_13590,TC000074
iB_13591,TC000075
iB_13592,TC000268
iB_13593,TC000374
iB_13594,TC000638
iB_13595,TC000679
iB_13596,TC000680
iB_13597,TC000717
iB_13598,TC000987
iB_13599,TC001149
iB_13600,TC001314
iB_13601,TC001564
iB_13602,TC001666
iB_13603,TC001700
iB_13604,TC002095
iB_13605,TC002267
iB_13606,TC002278
iB_13607,TC002300
iB_13608,TC002322
iB_13609,TC002661
iB_13610,TC002716
iB_13611,TC002918
iB_13612,TC003080
iB_13613,TC004249
iB_13614,TC004281
iB_13615,TC004331
iB_13616,TC004361
iB_13617,TC004540
iB_13618,TC004744
iB_13619,TC005085
iB_13620,TC005176
iB_13621,TC005226
iB_13622,TC005230
iB_13623,TC005386
iB_13624,TC005412
iB_13625,TC005413
iB_13626,TC005432
iB_13627,TC005442
iB_13628,TC005475
iB_13629,TC005476
iB_13630,TC005482
iB_13631,TC005534
iB_13632,TC005557
iB_13633,TC005953
iB_13634,TC006044
iB_13635,TC006110
iB_13636,TC006131
iB_13637,TC006157
iB_13638,TC006567
iB_13639,TC006626
iB_13640,TC006931
iB_13641,TC007003
iB_13642,TC007478
iB_13643,TC007508
iB_13644,TC007860
iB_13645,TC007941
iB_13646,TC008769
iB_13647,TC009071
iB_13648,TC009171
iB_13649,TC010054
iB_13650,TC010057
iB_13651,TC010096
iB_13652,TC010554
iB_13653,TC010692
iB_13654,TC010973
iB_13655,TC011307
iB_13656,TC011350
iB_13657,TC011882
iB_13658,TC012109
iB_13659,TC012281
iB_13660,TC012397
iB_13661,TC012537
iB_13662,TC012546
iB_13663,TC012566
iB_13664,TC012575
iB_13665,TC012625
iB_13666,TC012634
iB_13667,TC012635
iB_13668,TC012757
iB_13669,TC012766
iB_13670,TC012951
iB_13671,TC013045
iB_13672,TC013090
iB_13673,TC013464
iB_13674,TC013582
iB_13675,TC013602
iB_13676,TC013684
iB_13677,TC013821
iB_13678,TC013988
iB_13679,TC013992
iB_13680,TC014087
iB_13681,TC014091
iB_13682,TC014500
iB_13683,TC014826
iB_13684,TC015043
iB_13685,TC015490
iB_13686,TC016049
iB_13687,TC016300
iB_13688,TC030182
iB_13689,TC030187
iB_13690,TC030188
iB_13691,TC030262
iB_13692,TC030268
iB_13693,TC030340
iB_13694,TC030367
iB_13695,TC030426
iB_13696,TC030542
iB_13697,TC030736
iB_13698,TC030961
iB_13699,TC031121
iB_13700,TC031334
iB_13701,TC031342
iB_13702,TC031762
iB_13703,TC032060
iB_13704,TC032134
iB_13705,TC032228
iB_13706,TC032356
iB_13707,TC032365
iB_13708,TC032403
iB_13709,TC032444
iB_13710,TC032662
iB_13711,TC032724
iB_13712,TC032843
iB_13713,TC033048
iB_13714,TC033153
iB_13715,TC033334
iB_13716,TC033430
iB_13717,TC033582
iB_13718,TC033614
iB_13719,TC033690
iB_13720,TC033714
iB_13721,TC033717
iB_13722,TC033935
iB_13723,TC033974
iB_13724,TC034025
iB_13725,TC034136
iB_13726,TC034145
iB_13727,TC034361
iB_13728,TC034657
iB_13729,TC034795
iB_13730,TC034797
iB_13731,TC034875
iB_13732,TC034910
iB_13733,TC035010
iB_13734,TC035042
iB_13735,TC031848
iB_13736,TC004248
iB_13737,TC011016
iB_13738,TC031437
iB_13739,TC034703
iB_13740,TC004100
iB_13741,TC005209
iB_13742,TC005210
iB_13743,TC008119
iB_13744,TC034546
iB_13745,TC000008
iB_13746,TC000011
iB_13747,TC000013
iB_13748,TC000018
iB_13749,TC000046
iB_13750,TC000066
iB_13751,TC000115
iB_13752,TC000116
iB_13753,TC000120
iB_13754,TC000145
iB_13755,TC000146
iB_13756,TC000163
iB_13757,TC000168
iB_13758,TC000171
iB_13759,TC000215
iB_13760,TC000232
iB_13761,TC000233
iB_13762,TC000280
iB_13763,TC000288
iB_13764,TC000289
iB_13765,TC000290
iB_13766,TC000293
iB_13767,TC000323
iB_13768,TC000327
iB_13769,TC000333
iB_13770,TC000342
iB_13771,TC000351
iB_13772,TC000355
iB_13773,TC000358
iB_13774,TC000369
iB_13775,TC000375
iB_13776,TC000376
iB_13777,TC000397
iB_13778,TC000425
iB_13779,TC000428
iB_13780,TC000432
iB_13781,TC000433
iB_13782,TC000445
iB_13783,TC000453
iB_13784,TC000465
iB_13785,TC000477
iB_13786,TC000479
iB_13787,TC000491
iB_13788,TC000500
iB_13789,TC000538
iB_13790,TC000552
iB_13791,TC000556
iB_13792,TC000576
iB_13793,TC000593
iB_13794,TC000675
iB_13795,TC000700
iB_13796,TC000727
iB_13797,TC000736
iB_13798,TC000738
iB_13799,TC000768
iB_13800,TC000783
iB_13801,TC000806
iB_13802,TC000879
iB_13803,TC000900
iB_13804,TC000923
iB_13805,TC000959
iB_13806,TC000966
iB_13807,TC000982
iB_13808,TC000985
iB_13809,TC001011
iB_13810,TC001090
iB_13811,TC001097
iB_13812,TC001107
iB_13813,TC001114
iB_13814,TC001140
iB_13815,TC001141
iB_13816,TC001177
iB_13817,TC001237
iB_13818,TC001238
iB_13819,TC001246
iB_13820,TC001266
iB_13821,TC001282
iB_13822,TC001303
iB_13823,TC001312
iB_13824,TC001324
iB_13825,TC001325
iB_13826,TC001331
iB_13827,TC001334
iB_13828,TC001337
iB_13829,TC001359
iB_13830,TC001361
iB_13831,TC001378
iB_13832,TC001390
iB_13833,TC001391
iB_13834,TC001415
iB_13835,TC001428
iB_13836,TC001441
iB_13837,TC001469
iB_13838,TC001518
iB_13839,TC001519
iB_13840,TC001544
iB_13841,TC001646
iB_13842,TC001654
iB_13843,TC001675
iB_13844,TC001732
iB_13845,TC001780
iB_13846,TC001795
iB_13847,TC001810
iB_13848,TC001822
iB_13849,TC001835
iB_13850,TC001841
iB_13851,TC001844
iB_13852,TC001849
iB_13853,TC001860
iB_13854,TC001883
iB_13855,TC001886
iB_13856,TC001948
iB_13857,TC001959
iB_13858,TC001961
iB_13859,TC001971
iB_13860,TC001987
iB_13861,TC001994
iB_13862,TC002013
iB_13863,TC002024
iB_13864,TC002026
iB_13865,TC002032
iB_13866,TC002038
iB_13867,TC002055
iB_13868,TC002094
iB_13869,TC002101
iB_13870,TC002103
iB_13871,TC002129
iB_13872,TC002145
iB_13873,TC002167
iB_13874,TC002170
iB_13875,TC002198
iB_13876,TC002210
iB_13877,TC002243
iB_13878,TC002255
iB_13879,TC002266
iB_13880,TC002321
iB_13881,TC002361
iB_13882,TC002362
iB_13883,TC002378
iB_13884,TC002382
iB_13885,TC002404
iB_13886,TC002430
iB_13887,TC002440
iB_13888,TC002489
iB_13889,TC002514
iB_13890,TC002531
iB_13891,TC002570
iB_13892,TC002576
iB_13893,TC002578
iB_13894,TC002579
iB_13895,TC002580
iB_13896,TC002581
iB_13897,TC002582
iB_13898,TC002634
iB_13899,TC002642
iB_13900,TC002656
iB_13901,TC002682
iB_13902,TC002701
iB_13903,TC002746
iB_13904,TC002753
iB_13905,TC002755
iB_13906,TC002764
iB_13907,TC002782
iB_13908,TC002812
iB_13909,TC002831
iB_13910,TC002836
iB_13911,TC002837
iB_13912,TC002841
iB_13913,TC002888
iB_13914,TC002896
iB_13915,TC002937
iB_13916,TC003005
iB_13917,TC003026
iB_13918,TC003036
iB_13919,TC003037
iB_13920,TC003038
iB_13921,TC003039
iB_13922,TC003040
iB_13923,TC003041
iB_13924,TC003042
iB_13925,TC003043
iB_13926,TC003044
iB_13927,TC003045
iB_13928,TC003046
iB_13929,TC003047
iB_13930,TC003048
iB_13931,TC003053
iB_13932,TC003055
iB_13933,TC003056
iB_13934,TC003058
iB_13935,TC003059
iB_13936,TC003060
iB_13937,TC003066
iB_13938,TC003077
iB_13939,TC003085
iB_13940,TC003089
iB_13941,TC003111
iB_13942,TC003126
iB_13943,TC003131
iB_13944,TC003139
iB_13945,TC003153
iB_13946,TC003156
iB_13947,TC003166
iB_13948,TC003168
iB_13949,TC003176
iB_13950,TC003177
iB_13951,TC003195
iB_13952,TC003210
iB_13953,TC003227
iB_13954,TC003230
iB_13955,TC003269
iB_13956,TC003271
iB_13957,TC003277
iB_13958,TC003278
iB_13959,TC003299
iB_13960,TC003305
iB_13961,TC003311
iB_13962,TC003326
iB_13963,TC003372
iB_13964,TC003374
iB_13965,TC003376
iB_13966,TC003379
iB_13967,TC003382
iB_13968,TC003383
iB_13969,TC003386
iB_13970,TC003387
iB_13971,TC003399
iB_13972,TC003406
iB_13973,TC003410
iB_13974,TC003489
iB_13975,TC003500
iB_13976,TC003521
iB_13977,TC003522
iB_13978,TC003546
iB_13979,TC003590
iB_13980,TC003592
iB_13981,TC003670
iB_13982,TC003708
iB_13983,TC003766
iB_13984,TC003837
iB_13985,TC003884
iB_13986,TC003887
iB_13987,TC003913
iB_13988,TC003933
iB_13989,TC003962
iB_13990,TC003963
iB_13991,TC003981
iB_13992,TC003992
iB_13993,TC003997
iB_13994,TC004024
iB_13995,TC004025
iB_13996,TC004039
iB_13997,TC004044
iB_13998,TC004046
iB_13999,TC004057
iB_14000,TC004081
iB_14001,TC004089
iB_14002,TC004097
iB_14003,TC004112
iB_14004,TC004123
iB_14005,TC004128
iB_14006,TC004166
iB_14007,TC004180
iB_14008,TC004219
iB_14009,TC004229
iB_14010,TC004236
iB_14011,TC004256
iB_14012,TC004268
iB_14013,TC004280
iB_14014,TC004327
iB_14015,TC004340
iB_14016,TC004360
iB_14017,TC004430
iB_14018,TC004481
iB_14019,TC004505
iB_14020,TC004509
iB_14021,TC004549
iB_14022,TC004649
iB_14023,TC004652
iB_14024,TC004655
iB_14025,TC004688
iB_14026,TC004689
iB_14027,TC004699
iB_14028,TC004755
iB_14029,TC004786
iB_14030,TC004848
iB_14031,TC004851
iB_14032,TC004963
iB_14033,TC004991
iB_14034,TC005027
iB_14035,TC005047
iB_14036,TC005051
iB_14037,TC005055
iB_14038,TC005059
iB_14039,TC005062
iB_14040,TC005092
iB_14041,TC005095
iB_14042,TC005098
iB_14043,TC005113
iB_14044,TC005115
iB_14045,TC005116
iB_14046,TC005129
iB_14047,TC005141
iB_14048,TC005142
iB_14049,TC005147
iB_14050,TC005213
iB_14051,TC005234
iB_14052,TC005238
iB_14053,TC005241
iB_14054,TC005250
iB_14055,TC005252
iB_14056,TC005258
iB_14057,TC005280
iB_14058,TC005312
iB_14059,TC005321
iB_14060,TC005329
iB_14061,TC005376
iB_14062,TC005379
iB_14063,TC005397
iB_14064,TC005428
iB_14065,TC005450
iB_14066,TC005452
iB_14067,TC005472
iB_14068,TC005494
iB_14069,TC005497
iB_14070,TC005522
iB_14071,TC005527
iB_14072,TC005528
iB_14073,TC005536
iB_14074,TC005602
iB_14075,TC005607
iB_14076,TC005621
iB_14077,TC005628
iB_14078,TC005633
iB_14079,TC005654
iB_14080,TC005655
iB_14081,TC005660
iB_14082,TC005695
iB_14083,TC005730
iB_14084,TC005731
iB_14085,TC005739
iB_14086,TC005750
iB_14087,TC005751
iB_14088,TC005778
iB_14089,TC005826
iB_14090,TC005853
iB_14091,TC005902
iB_14092,TC005927
iB_14093,TC005929
iB_14094,TC005957
iB_14095,TC005962
iB_14096,TC005971
iB_14097,TC005997
iB_14098,TC005998
iB_14099,TC006003
iB_14100,TC006008
iB_14101,TC006056
iB_14102,TC006059
iB_14103,TC006060
iB_14104,TC006074
iB_14105,TC006083
iB_14106,TC006088
iB_14107,TC006091
iB_14108,TC006113
iB_14109,TC006119
iB_14110,TC006137
iB_14111,TC006148
iB_14112,TC006155
iB_14113,TC006158
iB_14114,TC006165
iB_14115,TC006190
iB_14116,TC006207
iB_14117,TC006225
iB_14118,TC006234
iB_14119,TC006262
iB_14120,TC006265
iB_14121,TC006272
iB_14122,TC006280
iB_14123,TC006296
iB_14124,TC006315
iB_14125,TC006316
iB_14126,TC006326
iB_14127,TC006341
iB_14128,TC006342
iB_14129,TC006345
iB_14130,TC006358
iB_14131,TC006376
iB_14132,TC006381
iB_14133,TC006383
iB_14134,TC006394
iB_14135,TC006400
iB_14136,TC006427
iB_14137,TC006430
iB_14138,TC006446
iB_14139,TC006452
iB_14140,TC006464
iB_14141,TC006489
iB_14142,TC006497
iB_14143,TC006515
iB_14144,TC006518
iB_14145,TC006582
iB_14146,TC006592
iB_14147,TC006594
iB_14148,TC006596
iB_14149,TC006597
iB_14150,TC006610
iB_14151,TC006618
iB_14152,TC006647
iB_14153,TC006671
iB_14154,TC006674
iB_14155,TC006684
iB_14156,TC006687
iB_14157,TC006691
iB_14158,TC006733
iB_14159,TC006734
iB_14160,TC006744
iB_14161,TC006752
iB_14162,TC006863
iB_14163,TC006873
iB_14164,TC006919
iB_14165,TC006927
iB_14166,TC006949
iB_14167,TC006975
iB_14168,TC007004
iB_14169,TC007079
iB_14170,TC007088
iB_14171,TC007100
iB_14172,TC007237
iB_14173,TC007239
iB_14174,TC007242
iB_14175,TC007262
iB_14176,TC007265
iB_14177,TC007266
iB_14178,TC007267
iB_14179,TC007268
iB_14180,TC007269
iB_14181,TC007270
iB_14182,TC007273
iB_14183,TC007274
iB_14184,TC007275
iB_14185,TC007296
iB_14186,TC007309
iB_14187,TC007323
iB_14188,TC007326
iB_14189,TC007377
iB_14190,TC007400
iB_14191,TC007401
iB_14192,TC007411
iB_14193,TC007437
iB_14194,TC007454
iB_14195,TC007516
iB_14196,TC007533
iB_14197,TC007555
iB_14198,TC007564
iB_14199,TC007582
iB_14200,TC007587
iB_14201,TC007588
iB_14202,TC007597
iB_14203,TC007599
iB_14204,TC007625
iB_14205,TC007649
iB_14206,TC007663
iB_14207,TC007670
iB_14208,TC007699
iB_14209,TC007722
iB_14210,TC007730
iB_14211,TC007763
iB_14212,TC007764
iB_14213,TC007767
iB_14214,TC007774
iB_14215,TC007798
iB_14216,TC007813
iB_14217,TC007827
iB_14218,TC007833
iB_14219,TC007852
iB_14220,TC007871
iB_14221,TC007875
iB_14222,TC007915
iB_14223,TC007926
iB_14224,TC007933
iB_14225,TC007956
iB_14226,TC007996
iB_14227,TC008003
iB_14228,TC008004
iB_14229,TC008032
iB_14230,TC008048
iB_14231,TC008053
iB_14232,TC008068
iB_14233,TC008071
iB_14234,TC008075
iB_14235,TC008098
iB_14236,TC008106
iB_14237,TC008112
iB_14238,TC008117
iB_14239,TC008127
iB_14240,TC008128
iB_14241,TC008150
iB_14242,TC008157
iB_14243,TC008165
iB_14244,TC008170
iB_14245,TC008196
iB_14246,TC008203
iB_14247,TC008208
iB_14248,TC008229
iB_14249,TC008232
iB_14250,TC008234
iB_14251,TC008268
iB_14252,TC008364
iB_14253,TC008370
iB_14254,TC008373
iB_14255,TC008392
iB_14256,TC008404
iB_14257,TC008416
iB_14258,TC008456
iB_14259,TC008463
iB_14260,TC008480
iB_14261,TC008483
iB_14262,TC008492
iB_14263,TC008497
iB_14264,TC008503
iB_14265,TC008527
iB_14266,TC008528
iB_14267,TC008542
iB_14268,TC008552
iB_14269,TC008553
iB_14270,TC008564
iB_14271,TC008568
iB_14272,TC008586
iB_14273,TC008605
iB_14274,TC008625
iB_14275,TC008645
iB_14276,TC008650
iB_14277,TC008656
iB_14278,TC008674
iB_14279,TC008676
iB_14280,TC008677
iB_14281,TC008678
iB_14282,TC008679
iB_14283,TC008680
iB_14284,TC008681
iB_14285,TC008682
iB_14286,TC008705
iB_14287,TC008716
iB_14288,TC008718
iB_14289,TC008730
iB_14290,TC008735
iB_14291,TC008736
iB_14292,TC008737
iB_14293,TC008764
iB_14294,TC008789
iB_14295,TC008790
iB_14296,TC008797
iB_14297,TC008806
iB_14298,TC008887
iB_14299,TC008888
iB_14300,TC008890
iB_14301,TC008891
iB_14302,TC008902
iB_14303,TC008949
iB_14304,TC008968
iB_14305,TC009005
iB_14306,TC009006
iB_14307,TC009007
iB_14308,TC009009
iB_14309,TC009032
iB_14310,TC009126
iB_14311,TC009128
iB_14312,TC009130
iB_14313,TC009156
iB_14314,TC009187
iB_14315,TC009190
iB_14316,TC009197
iB_14317,TC009199
iB_14318,TC009221
iB_14319,TC009233
iB_14320,TC009266
iB_14321,TC009273
iB_14322,TC009285
iB_14323,TC009307
iB_14324,TC009313
iB_14325,TC009334
iB_14326,TC009335
iB_14327,TC009348
iB_14328,TC009366
iB_14329,TC009377
iB_14330,TC009442
iB_14331,TC009477
iB_14332,TC009518
iB_14333,TC009554
iB_14334,TC009558
iB_14335,TC009578
iB_14336,TC009579
iB_14337,TC009585
iB_14338,TC009610
iB_14339,TC009618
iB_14340,TC009621
iB_14341,TC009637
iB_14342,TC009639
iB_14343,TC009652
iB_14344,TC009655
iB_14345,TC009656
iB_14346,TC009658
iB_14347,TC009691
iB_14348,TC009698
iB_14349,TC009713
iB_14350,TC009734
iB_14351,TC009745
iB_14352,TC009867
iB_14353,TC009908
iB_14354,TC009913
iB_14355,TC009922
iB_14356,TC009955
iB_14357,TC009956
iB_14358,TC009958
iB_14359,TC009959
iB_14360,TC009969
iB_14361,TC009983
iB_14362,TC010023
iB_14363,TC010024
iB_14364,TC010065
iB_14365,TC010105
iB_14366,TC010151
iB_14367,TC010173
iB_14368,TC010175
iB_14369,TC010219
iB_14370,TC010250
iB_14371,TC010269
iB_14372,TC010274
iB_14373,TC010292
iB_14374,TC010299
iB_14375,TC010308
iB_14376,TC010310
iB_14377,TC010325
iB_14378,TC010340
iB_14379,TC010365
iB_14380,TC010409
iB_14381,TC010416
iB_14382,TC010430
iB_14383,TC010441
iB_14384,TC010456
iB_14385,TC010462
iB_14386,TC010472
iB_14387,TC010486
iB_14388,TC010487
iB_14389,TC010497
iB_14390,TC010499
iB_14391,TC010513
iB_14392,TC010529
iB_14393,TC010541
iB_14394,TC010544
iB_14395,TC010546
iB_14396,TC010551
iB_14397,TC010589
iB_14398,TC010598
iB_14399,TC010607
iB_14400,TC010628
iB_14401,TC010696
iB_14402,TC010706
iB_14403,TC010707
iB_14404,TC010711
iB_14405,TC010736
iB_14406,TC010790
iB_14407,TC010819
iB_14408,TC010843
iB_14409,TC010887
iB_14410,TC010943
iB_14411,TC010946
iB_14412,TC010954
iB_14413,TC010957
iB_14414,TC010979
iB_14415,TC010985
iB_14416,TC011018
iB_14417,TC011020
iB_14418,TC011084
iB_14419,TC011115
iB_14420,TC011199
iB_14421,TC011213
iB_14422,TC011221
iB_14423,TC011266
iB_14424,TC011303
iB_14425,TC011308
iB_14426,TC011331
iB_14427,TC011332
iB_14428,TC011432
iB_14429,TC011434
iB_14430,TC011442
iB_14431,TC011443
iB_14432,TC011444
iB_14433,TC011445
iB_14434,TC011481
iB_14435,TC011496
iB_14436,TC011505
iB_14437,TC011509
iB_14438,TC011564
iB_14439,TC011572
iB_14440,TC011575
iB_14441,TC011577
iB_14442,TC011578
iB_14443,TC011602
iB_14444,TC011617
iB_14445,TC011622
iB_14446,TC011623
iB_14447,TC011627
iB_14448,TC011659
iB_14449,TC011663
iB_14450,TC011664
iB_14451,TC011684
iB_14452,TC011688
iB_14453,TC011707
iB_14454,TC011719
iB_14455,TC011740
iB_14456,TC011750
iB_14457,TC011761
iB_14458,TC011783
iB_14459,TC011809
iB_14460,TC011813
iB_14461,TC011821
iB_14462,TC011846
iB_14463,TC011852
iB_14464,TC011890
iB_14465,TC011903
iB_14466,TC011906
iB_14467,TC011916
iB_14468,TC011925
iB_14469,TC011941
iB_14470,TC011995
iB_14471,TC012036
iB_14472,TC012038
iB_14473,TC012040
iB_14474,TC012047
iB_14475,TC012057
iB_14476,TC012066
iB_14477,TC012092
iB_14478,TC012103
iB_14479,TC012159
iB_14480,TC012163
iB_14481,TC012173
iB_14482,TC012190
iB_14483,TC012206
iB_14484,TC012208
iB_14485,TC012217
iB_14486,TC012223
iB_14487,TC012224
iB_14488,TC012324
iB_14489,TC012325
iB_14490,TC012337
iB_14491,TC012338
iB_14492,TC012370
iB_14493,TC012371
iB_14494,TC012409
iB_14495,TC012492
iB_14496,TC012525
iB_14497,TC012556
iB_14498,TC012564
iB_14499,TC012585
iB_14500,TC012620
iB_14501,TC012645
iB_14502,TC012663
iB_14503,TC012669
iB_14504,TC012675
iB_14505,TC012679
iB_14506,TC012680
iB_14507,TC012681
iB_14508,TC012690
iB_14509,TC012707
iB_14510,TC012721
iB_14511,TC012724
iB_14512,TC012761
iB_14513,TC012767
iB_14514,TC012774
iB_14515,TC012777
iB_14516,TC012820
iB_14517,TC012826
iB_14518,TC012831
iB_14519,TC012832
iB_14520,TC012845
iB_14521,TC012886
iB_14522,TC012900
iB_14523,TC012915
iB_14524,TC012916
iB_14525,TC012923
iB_14526,TC012924
iB_14527,TC012928
iB_14528,TC012932
iB_14529,TC012938
iB_14530,TC012949
iB_14531,TC012958
iB_14532,TC012965
iB_14533,TC012981
iB_14534,TC012992
iB_14535,TC012999
iB_14536,TC013005
iB_14537,TC013022
iB_14538,TC013024
iB_14539,TC013025
iB_14540,TC013046
iB_14541,TC013053
iB_14542,TC013055
iB_14543,TC013059
iB_14544,TC013062
iB_14545,TC013110
iB_14546,TC013148
iB_14547,TC013169
iB_14548,TC013183
iB_14549,TC013195
iB_14550,TC013201
iB_14551,TC013209
iB_14552,TC013211
iB_14553,TC013219
iB_14554,TC013224
iB_14555,TC013228
iB_14556,TC013232
iB_14557,TC013236
iB_14558,TC013253
iB_14559,TC013261
iB_14560,TC013271
iB_14561,TC013310
iB_14562,TC013316
iB_14563,TC013317
iB_14564,TC013325
iB_14565,TC013336
iB_14566,TC013353
iB_14567,TC013364
iB_14568,TC013366
iB_14569,TC013379
iB_14570,TC013384
iB_14571,TC013386
iB_14572,TC013389
iB_14573,TC013392
iB_14574,TC013395
iB_14575,TC013412
iB_14576,TC013413
iB_14577,TC013423
iB_14578,TC013424
iB_14579,TC013434
iB_14580,TC013448
iB_14581,TC013466
iB_14582,TC013470
iB_14583,TC013496
iB_14584,TC013524
iB_14585,TC013525
iB_14586,TC013537
iB_14587,TC013556
iB_14588,TC013558
iB_14589,TC013577
iB_14590,TC013581
iB_14591,TC013588
iB_14592,TC013624
iB_14593,TC013636
iB_14594,TC013644
iB_14595,TC013657
iB_14596,TC013658
iB_14597,TC013664
iB_14598,TC013671
iB_14599,TC013677
iB_14600,TC013705
iB_14601,TC013714
iB_14602,TC013757
iB_14603,TC013761
iB_14604,TC013763
iB_14605,TC013774
iB_14606,TC013840
iB_14607,TC013846
iB_14608,TC013864
iB_14609,TC013936
iB_14610,TC013941
iB_14611,TC013943
iB_14612,TC013958
iB_14613,TC013973
iB_14614,TC013985
iB_14615,TC014013
iB_14616,TC014044
iB_14617,TC014053
iB_14618,TC014063
iB_14619,TC014068
iB_14620,TC014077
iB_14621,TC014080
iB_14622,TC014108
iB_14623,TC014112
iB_14624,TC014138
iB_14625,TC014176
iB_14626,TC014180
iB_14627,TC014188
iB_14628,TC014198
iB_14629,TC014216
iB_14630,TC014240
iB_14631,TC014242
iB_14632,TC014285
iB_14633,TC014307
iB_14634,TC014315
iB_14635,TC014316
iB_14636,TC014342
iB_14637,TC014358
iB_14638,TC014367
iB_14639,TC014390
iB_14640,TC014411
iB_14641,TC014448
iB_14642,TC014457
iB_14643,TC014481
iB_14644,TC014495
iB_14645,TC014521
iB_14646,TC014529
iB_14647,TC014530
iB_14648,TC014531
iB_14649,TC014532
iB_14650,TC014534
iB_14651,TC014535
iB_14652,TC014567
iB_14653,TC014576
iB_14654,TC014585
iB_14655,TC014597
iB_14656,TC014608
iB_14657,TC014619
iB_14658,TC014644
iB_14659,TC014665
iB_14660,TC014688
iB_14661,TC014709
iB_14662,TC014761
iB_14663,TC014764
iB_14664,TC014768
iB_14665,TC014792
iB_14666,TC014799
iB_14667,TC014810
iB_14668,TC014832
iB_14669,TC014834
iB_14670,TC014854
iB_14671,TC014855
iB_14672,TC014858
iB_14673,TC014871
iB_14674,TC014881
iB_14675,TC014898
iB_14676,TC014916
iB_14677,TC014928
iB_14678,TC014941
iB_14679,TC014959
iB_14680,TC014964
iB_14681,TC014965
iB_14682,TC014970
iB_14683,TC014976
iB_14684,TC014977
iB_14685,TC015005
iB_14686,TC015007
iB_14687,TC015008
iB_14688,TC015011
iB_14689,TC015027
iB_14690,TC015039
iB_14691,TC015047
iB_14692,TC015056
iB_14693,TC015067
iB_14694,TC015115
iB_14695,TC015123
iB_14696,TC015137
iB_14697,TC015147
iB_14698,TC015169
iB_14699,TC015190
iB_14700,TC015206
iB_14701,TC015212
iB_14702,TC015242
iB_14703,TC015262
iB_14704,TC015267
iB_14705,TC015281
iB_14706,TC015352
iB_14707,TC015372
iB_14708,TC015401
iB_14709,TC015415
iB_14710,TC015451
iB_14711,TC015483
iB_14712,TC015486
iB_14713,TC015504
iB_14714,TC015549
iB_14715,TC015555
iB_14716,TC015556
iB_14717,TC015558
iB_14718,TC015586
iB_14719,TC015592
iB_14720,TC015624
iB_14721,TC015625
iB_14722,TC015638
iB_14723,TC015664
iB_14724,TC015679
iB_14725,TC015682
iB_14726,TC015733
iB_14727,TC015736
iB_14728,TC015737
iB_14729,TC015738
iB_14730,TC015786
iB_14731,TC015787
iB_14732,TC015813
iB_14733,TC015828
iB_14734,TC015845
iB_14735,TC015860
iB_14736,TC015861
iB_14737,TC015862
iB_14738,TC015881
iB_14739,TC015894
iB_14740,TC015902
iB_14741,TC015906
iB_14742,TC015941
iB_14743,TC015950
iB_14744,TC015961
iB_14745,TC015965
iB_14746,TC015969
iB_14747,TC015988
iB_14748,TC016012
iB_14749,TC016056
iB_14750,TC016103
iB_14751,TC016130
iB_14752,TC016131
iB_14753,TC016132
iB_14754,TC016139
iB_14755,TC016147
iB_14756,TC016156
iB_14757,TC016162
iB_14758,TC016170
iB_14759,TC016186
iB_14760,TC016229
iB_14761,TC016262
iB_14762,TC016330
iB_14763,TC016336
iB_14764,TC016354
iB_14765,TC016369
iB_14766,TC016371
iB_14767,TC016388
iB_14768,TC016395
iB_14769,TC016397
iB_14770,TC016398
iB_14771,TC016402
iB_14772,TC016417
iB_14773,TC030085
iB_14774,TC030131
iB_14775,TC030175
iB_14776,TC030270
iB_14777,TC030369
iB_14778,TC030371
iB_14779,TC030373
iB_14780,TC030375
iB_14781,TC030378
iB_14782,TC030379
iB_14783,TC030380
iB_14784,TC030382
iB_14785,TC030383
iB_14786,TC030387
iB_14787,TC030393
iB_14788,TC030394
iB_14789,TC030396
iB_14790,TC030398
iB_14791,TC030400
iB_14792,TC030404
iB_14793,TC030405
iB_14794,TC030416
iB_14795,TC030421
iB_14796,TC030435
iB_14797,TC030436
iB_14798,TC030438
iB_14799,TC030439
iB_14800,TC030440
iB_14801,TC030441
iB_14802,TC030442
iB_14803,TC030446
iB_14804,TC030482
iB_14805,TC030550
iB_14806,TC030554
iB_14807,TC030555
iB_14808,TC030583
iB_14809,TC030670
iB_14810,TC030687
iB_14811,TC030688
iB_14812,TC030690
iB_14813,TC030700
iB_14814,TC030761
iB_14815,TC030887
iB_14816,TC030901
iB_14817,TC030921
iB_14818,TC030926
iB_14819,TC030941
iB_14820,TC030943
iB_14821,TC030949
iB_14822,TC030955
iB_14823,TC030968
iB_14824,TC030993
iB_14825,TC031002
iB_14826,TC031012
iB_14827,TC031019
iB_14828,TC031026
iB_14829,TC031035
iB_14830,TC031044
iB_14831,TC031049
iB_14832,TC031051
iB_14833,TC031072
iB_14834,TC031078
iB_14835,TC031079
iB_14836,TC031083
iB_14837,TC031084
iB_14838,TC031086
iB_14839,TC031097
iB_14840,TC031104
iB_14841,TC031106
iB_14842,TC031110
iB_14843,TC031116
iB_14844,TC031120
iB_14845,TC031124
iB_14846,TC031130
iB_14847,TC031136
iB_14848,TC031137
iB_14849,TC031152
iB_14850,TC031153
iB_14851,TC031156
iB_14852,TC031160
iB_14853,TC031165
iB_14854,TC031168
iB_14855,TC031179
iB_14856,TC031181
iB_14857,TC031182
iB_14858,TC031187
iB_14859,TC031188
iB_14860,TC031195
iB_14861,TC031201
iB_14862,TC031211
iB_14863,TC031228
iB_14864,TC031249
iB_14865,TC031251
iB_14866,TC031255
iB_14867,TC031265
iB_14868,TC031268
iB_14869,TC031271
iB_14870,TC031272
iB_14871,TC031274
iB_14872,TC031275
iB_14873,TC031291
iB_14874,TC031298
iB_14875,TC031299
iB_14876,TC031300
iB_14877,TC031305
iB_14878,TC031308
iB_14879,TC031313
iB_14880,TC031321
iB_14881,TC031327
iB_14882,TC031330
iB_14883,TC031333
iB_14884,TC031336
iB_14885,TC031352
iB_14886,TC031363
iB_14887,TC031370
iB_14888,TC031372
iB_14889,TC031379
iB_14890,TC031412
iB_14891,TC031419
iB_14892,TC031423
iB_14893,TC031428
iB_14894,TC031435
iB_14895,TC031442
iB_14896,TC031450
iB_14897,TC031451
iB_14898,TC031453
iB_14899,TC031458
iB_14900,TC031477
iB_14901,TC031480
iB_14902,TC031488
iB_14903,TC031491
iB_14904,TC031504
iB_14905,TC031521
iB_14906,TC031530
iB_14907,TC031531
iB_14908,TC031540
iB_14909,TC031548
iB_14910,TC031552
iB_14911,TC031553
iB_14912,TC031563
iB_14913,TC031576
iB_14914,TC031580
iB_14915,TC031582
iB_14916,TC031584
iB_14917,TC031586
iB_14918,TC031590
iB_14919,TC031606
iB_14920,TC031613
iB_14921,TC031623
iB_14922,TC031630
iB_14923,TC031639
iB_14924,TC031643
iB_14925,TC031645
iB_14926,TC031652
iB_14927,TC031681
iB_14928,TC031693
iB_14929,TC031701
iB_14930,TC031706
iB_14931,TC031722
iB_14932,TC031727
iB_14933,TC031729
iB_14934,TC031740
iB_14935,TC031744
iB_14936,TC031749
iB_14937,TC031750
iB_14938,TC031751
iB_14939,TC031752
iB_14940,TC031756
iB_14941,TC031759
iB_14942,TC031761
iB_14943,TC031769
iB_14944,TC031770
iB_14945,TC031781
iB_14946,TC031786
iB_14947,TC031788
iB_14948,TC031796
iB_14949,TC031797
iB_14950,TC031808
iB_14951,TC031809
iB_14952,TC031810
iB_14953,TC031812
iB_14954,TC031816
iB_14955,TC031825
iB_14956,TC031835
iB_14957,TC031858
iB_14958,TC031871
iB_14959,TC031876
iB_14960,TC031878
iB_14961,TC031890
iB_14962,TC031893
iB_14963,TC031909
iB_14964,TC031917
iB_14965,TC031926
iB_14966,TC031928
iB_14967,TC031932
iB_14968,TC031994
iB_14969,TC031998
iB_14970,TC032005
iB_14971,TC032043
iB_14972,TC032044
iB_14973,TC032047
iB_14974,TC032055
iB_14975,TC032083
iB_14976,TC032101
iB_14977,TC032119
iB_14978,TC032122
iB_14979,TC032135
iB_14980,TC032137
iB_14981,TC032138
iB_14982,TC032149
iB_14983,TC032151
iB_14984,TC032175
iB_14985,TC032180
iB_14986,TC032182
iB_14987,TC032185
iB_14988,TC032211
iB_14989,TC032217
iB_14990,TC032229
iB_14991,TC032230
iB_14992,TC032231
iB_14993,TC032239
iB_14994,TC032240
iB_14995,TC032246
iB_14996,TC032247
iB_14997,TC032255
iB_14998,TC032268
iB_14999,TC032270
iB_15000,TC032274
iB_15001,TC032299
iB_15002,TC032300
iB_15003,TC032301
iB_15004,TC032311
iB_15005,TC032312
iB_15006,TC032317
iB_15007,TC032325
iB_15008,TC032345
iB_15009,TC032351
iB_15010,TC032358
iB_15011,TC032363
iB_15012,TC032366
iB_15013,TC032370
iB_15014,TC032376
iB_15015,TC032395
iB_15016,TC032406
iB_15017,TC032411
iB_15018,TC032413
iB_15019,TC032425
iB_15020,TC032428
iB_15021,TC032436
iB_15022,TC032442
iB_15023,TC032455
iB_15024,TC032456
iB_15025,TC032465
iB_15026,TC032469
iB_15027,TC032476
iB_15028,TC032480
iB_15029,TC032489
iB_15030,TC032507
iB_15031,TC032510
iB_15032,TC032512
iB_15033,TC032523
iB_15034,TC032529
iB_15035,TC032548
iB_15036,TC032562
iB_15037,TC032569
iB_15038,TC032571
iB_15039,TC032575
iB_15040,TC032602
iB_15041,TC032623
iB_15042,TC032629
iB_15043,TC032631
iB_15044,TC032638
iB_15045,TC032641
iB_15046,TC032670
iB_15047,TC032680
iB_15048,TC032684
iB_15049,TC032687
iB_15050,TC032697
iB_15051,TC032701
iB_15052,TC032702
iB_15053,TC032705
iB_15054,TC032720
iB_15055,TC032722
iB_15056,TC032727
iB_15057,TC032742
iB_15058,TC032774
iB_15059,TC032778
iB_15060,TC032782
iB_15061,TC032808
iB_15062,TC032816
iB_15063,TC032818
iB_15064,TC032820
iB_15065,TC032824
iB_15066,TC032826
iB_15067,TC032854
iB_15068,TC032856
iB_15069,TC032861
iB_15070,TC032867
iB_15071,TC032880
iB_15072,TC032881
iB_15073,TC032884
iB_15074,TC032886
iB_15075,TC032890
iB_15076,TC032891
iB_15077,TC032896
iB_15078,TC032898
iB_15079,TC032901
iB_15080,TC032907
iB_15081,TC032908
iB_15082,TC032910
iB_15083,TC032915
iB_15084,TC032916
iB_15085,TC032917
iB_15086,TC032919
iB_15087,TC032924
iB_15088,TC032934
iB_15089,TC032935
iB_15090,TC032939
iB_15091,TC032942
iB_15092,TC032948
iB_15093,TC032998
iB_15094,TC032999
iB_15095,TC033001
iB_15096,TC033003
iB_15097,TC033013
iB_15098,TC033033
iB_15099,TC033038
iB_15100,TC033039
iB_15101,TC033043
iB_15102,TC033045
iB_15103,TC033054
iB_15104,TC033067
iB_15105,TC033068
iB_15106,TC033087
iB_15107,TC033091
iB_15108,TC033099
iB_15109,TC033112
iB_15110,TC033116
iB_15111,TC033118
iB_15112,TC033138
iB_15113,TC033144
iB_15114,TC033145
iB_15115,TC033154
iB_15116,TC033156
iB_15117,TC033157
iB_15118,TC033163
iB_15119,TC033166
iB_15120,TC033168
iB_15121,TC033172
iB_15122,TC033178
iB_15123,TC033190
iB_15124,TC033209
iB_15125,TC033219
iB_15126,TC033236
iB_15127,TC033260
iB_15128,TC033262
iB_15129,TC033274
iB_15130,TC033279
iB_15131,TC033292
iB_15132,TC033296
iB_15133,TC033337
iB_15134,TC033355
iB_15135,TC033356
iB_15136,TC033371
iB_15137,TC033381
iB_15138,TC033395
iB_15139,TC033404
iB_15140,TC033420
iB_15141,TC033428
iB_15142,TC033433
iB_15143,TC033436
iB_15144,TC033456
iB_15145,TC033457
iB_15146,TC033461
iB_15147,TC033462
iB_15148,TC033487
iB_15149,TC033490
iB_15150,TC033504
iB_15151,TC033508
iB_15152,TC033518
iB_15153,TC033524
iB_15154,TC033537
iB_15155,TC033540
iB_15156,TC033541
iB_15157,TC033544
iB_15158,TC033545
iB_15159,TC033547
iB_15160,TC033548
iB_15161,TC033549
iB_15162,TC033551
iB_15163,TC033561
iB_15164,TC033566
iB_15165,TC033572
iB_15166,TC033573
iB_15167,TC033598
iB_15168,TC033606
iB_15169,TC033618
iB_15170,TC033619
iB_15171,TC033621
iB_15172,TC033625
iB_15173,TC033627
iB_15174,TC033652
iB_15175,TC033669
iB_15176,TC033674
iB_15177,TC033688
iB_15178,TC033692
iB_15179,TC033697
iB_15180,TC033702
iB_15181,TC033706
iB_15182,TC033707
iB_15183,TC033718
iB_15184,TC033723
iB_15185,TC033727
iB_15186,TC033735
iB_15187,TC033737
iB_15188,TC033743
iB_15189,TC033754
iB_15190,TC033758
iB_15191,TC033764
iB_15192,TC033766
iB_15193,TC033767
iB_15194,TC033773
iB_15195,TC033774
iB_15196,TC033780
iB_15197,TC033781
iB_15198,TC033782
iB_15199,TC033786
iB_15200,TC033788
iB_15201,TC033789
iB_15202,TC033795
iB_15203,TC033803
iB_15204,TC033806
iB_15205,TC033808
iB_15206,TC033809
iB_15207,TC033811
iB_15208,TC033812
iB_15209,TC033815
iB_15210,TC033823
iB_15211,TC033824
iB_15212,TC033826
iB_15213,TC033828
iB_15214,TC033842
iB_15215,TC033848
iB_15216,TC033849
iB_15217,TC033850
iB_15218,TC033852
iB_15219,TC033853
iB_15220,TC033861
iB_15221,TC033862
iB_15222,TC033863
iB_15223,TC033876
iB_15224,TC033881
iB_15225,TC033888
iB_15226,TC033904
iB_15227,TC033907
iB_15228,TC033910
iB_15229,TC033925
iB_15230,TC033932
iB_15231,TC033936
iB_15232,TC033938
iB_15233,TC033939
iB_15234,TC033942
iB_15235,TC033945
iB_15236,TC033946
iB_15237,TC033947
iB_15238,TC033948
iB_15239,TC033949
iB_15240,TC033956
iB_15241,TC033962
iB_15242,TC033965
iB_15243,TC033966
iB_15244,TC033967
iB_15245,TC033969
iB_15246,TC033979
iB_15247,TC033988
iB_15248,TC033989
iB_15249,TC033991
iB_15250,TC033992
iB_15251,TC033997
iB_15252,TC033999
iB_15253,TC034000
iB_15254,TC034005
iB_15255,TC034008
iB_15256,TC034014
iB_15257,TC034018
iB_15258,TC034032
iB_15259,TC034037
iB_15260,TC034043
iB_15261,TC034054
iB_15262,TC034057
iB_15263,TC034058
iB_15264,TC034059
iB_15265,TC034062
iB_15266,TC034064
iB_15267,TC034065
iB_15268,TC034066
iB_15269,TC034067
iB_15270,TC034068
iB_15271,TC034069
iB_15272,TC034070
iB_15273,TC034071
iB_15274,TC034073
iB_15275,TC034090
iB_15276,TC034097
iB_15277,TC034101
iB_15278,TC034113
iB_15279,TC034114
iB_15280,TC034115
iB_15281,TC034120
iB_15282,TC034128
iB_15283,TC034129
iB_15284,TC034134
iB_15285,TC034148
iB_15286,TC034149
iB_15287,TC034164
iB_15288,TC034174
iB_15289,TC034196
iB_15290,TC034207
iB_15291,TC034210
iB_15292,TC034214
iB_15293,TC034219
iB_15294,TC034223
iB_15295,TC034245
iB_15296,TC034267
iB_15297,TC034268
iB_15298,TC034324
iB_15299,TC034327
iB_15300,TC034330
iB_15301,TC034366
iB_15302,TC034368
iB_15303,TC034372
iB_15304,TC034384
iB_15305,TC034386
iB_15306,TC034387
iB_15307,TC034388
iB_15308,TC034389
iB_15309,TC034390
iB_15310,TC034391
iB_15311,TC034402
iB_15312,TC034406
iB_15313,TC034415
iB_15314,TC034450
iB_15315,TC034454
iB_15316,TC034466
iB_15317,TC034468
iB_15318,TC034471
iB_15319,TC034474
iB_15320,TC034476
iB_15321,TC034480
iB_15322,TC034484
iB_15323,TC034517
iB_15324,TC034538
iB_15325,TC034540
iB_15326,TC034541
iB_15327,TC034551
iB_15328,TC034553
iB_15329,TC034555
iB_15330,TC034556
iB_15331,TC034562
iB_15332,TC034569
iB_15333,TC034572
iB_15334,TC034575
iB_15335,TC034576
iB_15336,TC034581
iB_15337,TC034584
iB_15338,TC034594
iB_15339,TC034597
iB_15340,TC034600
iB_15341,TC034604
iB_15342,TC034611
iB_15343,TC034621
iB_15344,TC034644
iB_15345,TC034646
iB_15346,TC034650
iB_15347,TC034658
iB_15348,TC034659
iB_15349,TC034660
iB_15350,TC034664
iB_15351,TC034667
iB_15352,TC034668
iB_15353,TC034672
iB_15354,TC034673
iB_15355,TC034681
iB_15356,TC034683
iB_15357,TC034688
iB_15358,TC034690
iB_15359,TC034691
iB_15360,TC034692
iB_15361,TC034699
iB_15362,TC034700
iB_15363,TC034706
iB_15364,TC034707
iB_15365,TC034715
iB_15366,TC034718
iB_15367,TC034730
iB_15368,TC034737
iB_15369,TC034746
iB_15370,TC034749
iB_15371,TC034753
iB_15372,TC034755
iB_15373,TC034756
iB_15374,TC034760
iB_15375,TC034770
iB_15376,TC034775
iB_15377,TC034778
iB_15378,TC034792
iB_15379,TC034800
iB_15380,TC034805
iB_15381,TC034807
iB_15382,TC034810
iB_15383,TC034814
iB_15384,TC034820
iB_15385,TC034821
iB_15386,TC034823
iB_15387,TC034836
iB_15388,TC034841
iB_15389,TC034849
iB_15390,TC034851
iB_15391,TC034860
iB_15392,TC034876
iB_15393,TC034878
iB_15394,TC034890
iB_15395,TC034894
iB_15396,TC034899
iB_15397,TC034902
iB_15398,TC034904
iB_15399,TC034912
iB_15400,TC034919
iB_15401,TC034921
iB_15402,TC034922
iB_15403,TC034924
iB_15404,TC034926
iB_15405,TC034948
iB_15406,TC034959
iB_15407,TC034961
iB_15408,TC034965
iB_15409,TC034967
iB_15410,TC034978
iB_15411,TC034996
iB_15412,TC035009
iB_15413,TC035015
iB_15414,TC035016
iB_15415,TC035021
iB_15416,TC035023
iB_15417,TC035029
iB_15418,TC035036
iB_15419,TC035037
iB_15420,TC035039
iB_15421,TC035049
iB_15422,TC035052
iB_15423,TC002355
iB_15424,TC009703
iB_15425,TC010632
iB_15426,TC010716
iB_15427,TC030567
iB_15428,TC030932
iB_15429,TC031085
iB_15430,TC032267
iB_15431,TC034993
iB_15432,TC002020
iB_15433,TC002036
iB_15434,TC006944
iB_15435,TC012138
iB_15436,TC012776
iB_15437,TC008591
iB_15438,TC005144
iB_15439,TC034853
iB_15440,TC031690
iB_15441,TC034966
iB_15442,TC007241
iB_15443,TC034956
iB_15444,TC034988
iB_15445,TC034989
iB_15446,TC007240
iB_15447,TC001176
iB_15448,TC032281
iB_15449,TC034739
iB_15450,TC008207
iB_15451,TC002334
iB_15452,TC033280
iB_15453,TC030773
iB_15454,TC033661
iB_15455,TC034785
iB_15456,TC031953
iB_15457,TC006107
iB_15458,TC007238
iB_15459,TC033528
iB_15460,TC004035
iB_15461,TC031177
iB_15462,TC033055
iB_15463,TC004988
iB_15464,TC033347
iB_15465,TC033664
iB_15466,TC000791
iB_15467,TC000227
iB_15468,TC033527
iB_15469,TC034977
iB_15470,TC032857
iB_15471,TC034602
iB_15472,TC033578
iB_15473,TC034758
iB_15474,TC033089
iB_15475,TC034872
iB_15476,TC007783
iB_15477,TC033526
iB_15478,TC031429
iB_15479,TC034165
iB_15480,TC014070
iB_15481,TC003380
iB_15482,TC030990
iB_15483,TC033273
iB_15484,TC005958
iB_15485,TC034526
iB_15486,TC031991
iB_15487,TC002840
iB_15488,TC033062
iB_15489,TC002180
iB_15490,TC032467
iB_15491,TC034523
iB_15492,TC032591
iB_15493,TC032672
iB_15494,TC006277
iB_15495,TC012562
iB_15496,TC013597
iB_15497,TC034147
iB_15498,TC003440
iB_15499,TC009953
iB_15500,TC007513
iB_15501,TC015166
iB_15502,TC031915
iB_15503,TC005766
iB_15504,TC007493
iB_15505,TC032373
iB_15506,TC032791
iB_15507,TC012372
iB_15508,TC004750
iB_15509,TC033239
iB_15510,TC002964
iB_15511,TC034286
iB_15512,TC031456
iB_15513,TC032409
iB_15514,TC032377
iB_15515,TC031948
iB_15516,TC003982
iB_15517,TC011814
iB_15518,TC004272
iB_15519,TC032661
iB_15520,TC032514
iB_15521,TC015421
iB_15522,TC034304
iB_15523,TC000139
iB_15524,TC034568
iB_15525,TC031985
iB_15526,TC034221
iB_15527,TC034285
iB_15528,TC032900
iB_15529,TC032009
iB_15530,TC007983
iB_15531,TC000135
iB_15532,TC032164
iB_15533,TC005881
iB_15534,TC007614
iB_15535,TC013333
iB_15536,TC034124
iB_15537,TC034152
iB_15538,TC032707
iB_15539,TC034942
iB_15540,TC001602
iB_15541,TC031164
iB_15542,TC033860
iB_15543,TC011567
iB_15544,TC001221
iB_15545,TC032632
iB_15546,TC015196
iB_15547,TC034511
iB_15548,TC032983
iB_15549,TC034972
iB_15550,TC034710
iB_15551,TC033557
iB_15552,TC031440
iB_15553,TC032709
iB_15554,TC001168
iB_15555,TC005671
iB_15556,TC034034
iB_15557,TC031047
iB_15558,TC008248
iB_15559,TC034638
iB_15560,TC015489
iB_15561,TC005619
iB_15562,TC007085
iB_15563,TC000370
iB_15564,TC006645
iB_15565,TC015097
iB_15566,TC034328
iB_15567,TC033353
iB_15568,TC032564
iB_15569,TC034998
iB_15570,TC004181
iB_15571,TC002352
iB_15572,TC031069
iB_15573,TC011398
iB_15574,TC000435
iB_15575,TC015012
iB_15576,TC032669
iB_15577,TC034888
iB_15578,TC032445
iB_15579,TC004528
iB_15580,TC002856
iB_15581,TC031597
iB_15582,TC032173
iB_15583,TC033396
iB_15584,TC032199
iB_15585,TC014906
iB_15586,TC003939
iB_15587,TC033285
iB_15588,TC011876
iB_15589,TC007084
iB_15590,TC032123
iB_15591,TC030951
iB_15592,TC006279
iB_15593,TC013373
iB_15594,TC001133
iB_15595,TC006926
iB_15596,TC002232
iB_15597,TC002222
iB_15598,TC014628
iB_15599,TC033357
iB_15600,TC007704
iB_15601,TC034157
iB_15602,TC031728
iB_15603,TC006856
iB_15604,TC034893
iB_15605,TC031996
iB_15606,TC031534
iB_15607,TC034724
iB_15608,TC033560
iB_15609,TC003617
iB_15610,TC012550
iB_15611,TC031273
iB_15612,TC032025
iB_15613,TC034839
iB_15614,TC031692
iB_15615,TC031510
iB_15616,TC011574
iB_15617,TC031940
iB_15618,TC032961
iB_15619,TC034314
iB_15620,TC010984
iB_15621,TC034438
iB_15622,TC032812
iB_15623,TC034548
iB_15624,TC033986
iB_15625,TC032864
iB_15626,TC013964
iB_15627,TC032766
iB_15628,TC032994
iB_15629,TC005143
iB_15630,TC031585
iB_15631,TC034862
iB_15632,TC002615
iB_15633,TC034765
iB_15634,TC032167
iB_15635,TC034960
iB_15636,TC014751
iB_15637,TC034499
iB_15638,TC014914
iB_15639,TC011074
iB_15640,TC032515
iB_15641,TC032259
iB_15642,TC033111
iB_15643,TC004185
iB_15644,TC033080
iB_15645,TC033189
iB_15646,TC034192
iB_15647,TC007803
iB_15648,TC034226
iB_15649,TC033229
iB_15650,TC001394
iB_15651,TC032718
iB_15652,TC034881
iB_15653,TC031166
iB_15654,TC032928
iB_15655,TC013077
iB_15656,TC013257
iB_15657,TC032615
iB_15658,TC013502
iB_15659,TC034417
iB_15660,TC034078
iB_15661,TC033124
iB_15662,TC034213
iB_15663,TC034220
iB_15664,TC008442
iB_15665,TC032213
iB_15666,TC034398
iB_15667,TC033084
iB_15668,TC006918
iB_15669,TC010800
iB_15670,TC010393
iB_15671,TC001684
iB_15672,TC012078
iB_15673,TC033114
iB_15674,TC009843
iB_15675,TC004847
iB_15676,TC014148
iB_15677,TC031793
iB_15678,TC034697
iB_15679,TC034205
iB_15680,TC031896
iB_15681,TC012692
iB_15682,TC015485
iB_15683,TC033568
iB_15684,TC012897
iB_15685,TC032200
iB_15686,TC034319
iB_15687,TC033886
iB_15688,TC033034
iB_15689,TC007277
iB_15690,TC006369
iB_15691,TC002342
iB_15692,TC034608
iB_15693,TC011360
iB_15694,TC031682
iB_15695,TC034649
iB_15696,TC014504
iB_15697,TC005693
iB_15698,TC035041
iB_15699,TC031575
iB_15700,TC004912
iB_15701,TC006639
iB_15702,TC031108
iB_15703,TC034887
iB_15704,TC001852
iB_15705,TC009811
iB_15706,TC010920
iB_15707,TC011327
iB_15708,TC012317
iB_15709,TC032599
iB_15710,TC034654
iB_15711,TC008715
iB_15712,TC033762
iB_15713,TC002737
iB_15714,TC031684
iB_15715,TC034235
iB_15716,TC011041
iB_15717,TC005939
iB_15718,TC006617
iB_15719,TC035012
iB_15720,TC015883
iB_15721,TC032741
iB_15722,TC033623
iB_15723,TC032681
iB_15724,TC032590
iB_15725,TC032408
iB_15726,TC014943
iB_15727,TC032104
iB_15728,TC031377
iB_15729,TC003454
iB_15730,TC034747
iB_15731,TC033903
iB_15732,TC034970
iB_15733,TC012420
iB_15734,TC031286
iB_15735,TC031674
iB_15736,TC008143
iB_15737,TC034983
iB_15738,TC032965
iB_15739,TC033695
iB_15740,TC015498
iB_15741,TC032401
iB_15742,TC033359
iB_15743,TC000523
iB_15744,TC034027
iB_15745,TC014615
iB_15746,TC014071
iB_15747,TC033203
iB_15748,TC004417
iB_15749,TC032183
iB_15750,TC032168
iB_15751,TC003049
iB_15752,TC031471
iB_15753,TC034767
iB_15754,TC032410
iB_15755,TC032458
iB_15756,TC016334
iB_15757,TC010880
iB_15758,TC031031
iB_15759,TC004914
iB_15760,TC034865
iB_15761,TC033593
iB_15762,TC033422
iB_15763,TC012165
iB_15764,TC032049
iB_15765,TC005942
iB_15766,TC034880
iB_15767,TC032768
iB_15768,TC032459
iB_15769,TC002839
iB_15770,TC016123
iB_15771,TC033601
iB_15772,TC032036
iB_15773,TC034051
iB_15774,TC031123
iB_15775,TC032532
iB_15776,TC033644
iB_15777,TC010535
iB_15778,TC033330
iB_15779,TC032899
iB_15780,TC003508
iB_15781,TC014778
iB_15782,TC010144
iB_15783,TC001540
iB_15784,TC003813
iB_15785,TC034648
iB_15786,TC005117
iB_15787,TC031570
iB_15788,TC002104
iB_15789,TC011799
iB_15790,TC033088
iB_15791,TC031559
iB_15792,TC001019
iB_15793,TC031490
iB_15794,TC006989
iB_15795,TC006373
iB_15796,TC034168
iB_15797,TC033167
iB_15798,TC016343
iB_15799,TC013035
iB_15800,TC011239
iB_15801,TC001468
iB_15802,TC015053
iB_15803,TC033535
iB_15804,TC032735
iB_15805,TC003456
iB_15806,TC033216
iB_15807,TC031773
iB_15808,TC033759
iB_15809,TC013901
iB_15810,TC000256
iB_15811,TC013584
iB_15812,TC034080
iB_15813,TC033479
iB_15814,TC034400
iB_15815,TC033885
iB_15816,TC014320
iB_15817,TC015612
iB_15818,TC012419
iB_15819,TC031039
iB_15820,TC000950
iB_15821,TC034121
iB_15822,TC034345
iB_15823,TC032064
iB_15824,TC032017
iB_15825,TC008683
iB_15826,TC004870
iB_15827,TC031887
iB_15828,TC006855
iB_15829,TC031028
iB_15830,TC033982
iB_15831,TC033392
iB_15832,TC031665
iB_15833,TC031829
iB_15834,TC005931
iB_15835,TC030905
iB_15836,TC003932
iB_15837,TC032310
iB_15838,TC011314
iB_15839,TC031618
iB_15840,TC005467
iB_15841,TC031315
iB_15842,TC035027
iB_15843,TC031475
iB_15844,TC002708
iB_15845,TC033752
iB_15846,TC011544
iB_15847,TC009276
iB_15848,TC001435
iB_15849,TC013263
iB_15850,TC034567
iB_15851,TC032244
iB_15852,TC008352
iB_15853,TC033438
iB_15854,TC032678
iB_15855,TC033007
iB_15856,TC031347
iB_15857,TC031883
iB_15858,TC012405
iB_15859,TC034916
iB_15860,TC034447
iB_15861,TC006525
iB_15862,TC033874
iB_15863,TC031975
iB_15864,TC032698
iB_15865,TC031920
iB_15866,TC010180
iB_15867,TC034445
iB_15868,TC014406
iB_15869,TC014722
iB_15870,TC032087
iB_15871,TC030894
iB_15872,TC012813
iB_15873,TC015128
iB_15874,TC032903
iB_15875,TC031987
iB_15876,TC034850
iB_15877,TC032440
iB_15878,TC034443
iB_15879,TC011573
iB_15880,TC013233
iB_15881,TC034918
iB_15882,TC013836
iB_15883,TC033779
iB_15884,TC004890
iB_15885,TC031714
iB_15886,TC033024
iB_15887,TC032594
iB_15888,TC032128
iB_15889,TC031837
iB_15890,TC032834
iB_15891,TC033470
iB_15892,TC012359
iB_15893,TC034793
iB_15894,TC007245
iB_15895,TC012617
iB_15896,TC033915
iB_15897,TC031045
iB_15898,TC031325
iB_15899,TC033051
iB_15900,TC033402
iB_15901,TC004943
iB_15902,TC005171
iB_15903,TC013334
iB_15904,TC032954
iB_15905,TC034696
iB_15906,TC032609
iB_15907,TC001436
iB_15908,TC031892
iB_15909,TC031817
iB_15910,TC013736
iB_15911,TC015125
iB_15912,TC009143
iB_15913,TC032920
iB_15914,TC000155
iB_15915,TC032120
iB_15916,TC002548
iB_15917,TC032483
iB_15918,TC034952
iB_15919,TC033975
iB_15920,TC030987
iB_15921,TC031694
iB_15922,TC005106
iB_15923,TC034721
iB_15924,TC032518
iB_15925,TC015263
iB_15926,TC000062
iB_15927,TC034325
iB_15928,TC033253
iB_15929,TC031167
iB_15930,TC006251
iB_15931,TC034809
iB_15932,TC011104
iB_15933,TC031874
iB_15934,TC031708
iB_15935,TC033760
iB_15936,TC006638
iB_15937,TC031562
iB_15938,TC006722
iB_15939,TC002982
iB_15940,TC032077
iB_15941,TC032926
iB_15942,TC011348
iB_15943,TC007378
iB_15944,TC031911
iB_15945,TC031724
iB_15946,TC006655
iB_15947,TC033324
iB_15948,TC003903
iB_15949,TC031296
iB_15950,TC007367
iB_15951,TC001191
iB_15952,TC031409
iB_15953,TC000488
iB_15954,TC034799
iB_15955,TC034802
iB_15956,TC000191
iB_15957,TC033530
iB_15958,TC032988
iB_15959,TC031921
iB_15960,TC034639
iB_15961,TC013783
iB_15962,TC014170
iB_15963,TC013778
iB_15964,TC032525
iB_15965,TC034486
iB_15966,TC011235
iB_15967,TC004215
iB_15968,TC031223
iB_15969,TC010865
iB_15970,TC032108
iB_15971,TC008452
iB_15972,TC032462
iB_15973,TC033328
iB_15974,TC033394
iB_15975,TC008453
iB_15976,TC034151
iB_15977,TC032360
iB_15978,TC033851
iB_15979,TC034467
iB_15980,TC031946
iB_15981,TC032607
iB_15982,TC002001
iB_15983,TC035007
iB_15984,TC007554
iB_15985,TC030985
iB_15986,TC033515
iB_15987,TC002566
iB_15988,TC032422
iB_15989,TC008310
iB_15990,TC012097
iB_15991,TC006475
iB_15992,TC012719
iB_15993,TC010511
iB_15994,TC031141
iB_15995,TC014866
iB_15996,TC033248
iB_15997,TC013908
iB_15998,TC007105
iB_15999,TC034929
iB_16000,TC032432
iB_16001,TC033179
iB_16002,TC032232
iB_16003,TC004101
iB_16004,TC013176
iB_16005,TC003863
iB_16006,TC002275
iB_16007,TC032320
iB_16008,TC010638
iB_16009,TC012404
iB_16010,TC011693
iB_16011,TC014831
iB_16012,TC006899
iB_16013,TC034284
iB_16014,TC016382
iB_16015,TC005064
iB_16016,TC034306
iB_16017,TC004124
iB_16018,TC033647
iB_16019,TC031459
iB_16020,TC034189
iB_16021,TC032929
iB_16022,TC032279
iB_16023,TC010606
iB_16024,TC032971
iB_16025,TC034603
iB_16026,TC034335
iB_16027,TC000429
iB_16028,TC034957
iB_16029,TC031533
iB_16030,TC015233
iB_16031,TC015716
iB_16032,TC031566
iB_16033,TC005325
iB_16034,TC031114
iB_16035,TC003084
iB_16036,TC031591
iB_16037,TC034350
iB_16038,TC005265
iB_16039,TC010524
iB_16040,TC006508
iB_16041,TC001739
iB_16042,TC031974
iB_16043,TC033873
iB_16044,TC031232
iB_16045,TC031790
iB_16046,TC005048
iB_16047,TC005155
iB_16048,TC033155
iB_16049,TC033902
iB_16050,TC002586
iB_16051,TC033478
iB_16052,TC033488
iB_16053,TC031387
iB_16054,TC011850
iB_16055,TC033367
iB_16056,TC033477
iB_16057,TC012272
iB_16058,TC031529
iB_16059,TC011835
iB_16060,TC035001
iB_16061,TC030939
iB_16062,TC031746
iB_16063,TC003941
iB_16064,TC031741
iB_16065,TC031417
iB_16066,TC033261
iB_16067,TC031543
iB_16068,TC007950
iB_16069,TC033905
iB_16070,TC033728
iB_16071,TC014958
iB_16072,TC031685
iB_16073,TC008034
iB_16074,TC033200
iB_16075,TC033877
iB_16076,TC032127
iB_16077,TC001587
iB_16078,TC031927
iB_16079,TC009043
iB_16080,TC032078
iB_16081,TC032452
iB_16082,TC032501
iB_16083,TC033533
iB_16084,TC030957
iB_16085,TC013122
iB_16086,TC033474
iB_16087,TC032979
iB_16088,TC003510
iB_16089,TC034501
iB_16090,TC031779
iB_16091,TC004648
iB_16092,TC013436
iB_16093,TC004790
iB_16094,TC034605
iB_16095,TC004869
iB_16096,TC009828
iB_16097,TC012007
iB_16098,TC031888
iB_16099,TC034920
iB_16100,TC013285
iB_16101,TC033473
iB_16102,TC008548
iB_16103,TC032925
iB_16104,TC005172
iB_16105,TC034632
iB_16106,TC001695
iB_16107,TC015851
iB_16108,TC001788
iB_16109,TC016100
iB_16110,TC032099
iB_16111,TC002336
iB_16112,TC003101
iB_16113,TC033139
iB_16114,TC015239
iB_16115,TC004503
iB_16116,TC004471
iB_16117,TC014892
iB_16118,TC011414
iB_16119,TC004771
iB_16120,TC006790
iB_16121,TC002040
iB_16122,TC033523
iB_16123,TC032371
iB_16124,TC034882
iB_16125,TC034979
iB_16126,TC032321
iB_16127,TC034573
iB_16128,TC033439
iB_16129,TC014206
iB_16130,TC032106
iB_16131,TC013755
iB_16132,TC001614
iB_16133,TC031378
iB_16134,TC006502
iB_16135,TC001854
iB_16136,TC032191
iB_16137,TC011091
iB_16138,TC032481
iB_16139,TC031210
iB_16140,TC032142
iB_16141,TC006283
iB_16142,TC006812
iB_16143,TC031233
iB_16144,TC011358
iB_16145,TC034743
iB_16146,TC006925
iB_16147,TC016217
iB_16148,TC031784
iB_16149,TC032008
iB_16150,TC034200
iB_16151,TC032085
iB_16152,TC005692
iB_16153,TC011891
iB_16154,TC032524
iB_16155,TC012744
iB_16156,TC032744
iB_16157,TC000473
iB_16158,TC033653
iB_16159,TC013481
iB_16160,TC015565
iB_16161,TC003983
iB_16162,TC031622
iB_16163,TC014164
iB_16164,TC034410
iB_16165,TC002376
iB_16166,TC034293
iB_16167,TC010268
iB_16168,TC032490
iB_16169,TC031949
iB_16170,TC012673
iB_16171,TC031388
iB_16172,TC031820
iB_16173,TC032109
iB_16174,TC002623
iB_16175,TC005791
iB_16176,TC010550
iB_16177,TC032978
iB_16178,TC001353
iB_16179,TC001198
iB_16180,TC012588
iB_16181,TC034931
iB_16182,TC031353
iB_16183,TC010982
iB_16184,TC034321
iB_16185,TC014718
iB_16186,TC010514
iB_16187,TC010629
iB_16188,TC034024
iB_16189,TC031815
iB_16190,TC032372
iB_16191,TC011454
iB_16192,TC032402
iB_16193,TC013027
iB_16194,TC033140
iB_16195,TC009404
iB_16196,TC033887
iB_16197,TC032322
iB_16198,TC011415
iB_16199,TC033844
iB_16200,TC032027
iB_16201,TC013097
iB_16202,TC032081
iB_16203,TC004536
iB_16204,TC032205
iB_16205,TC031819
iB_16206,TC032386
iB_16207,TC034380
iB_16208,TC001597
iB_16209,TC033482
iB_16210,TC010301
iB_16211,TC031854
iB_16212,TC032677
iB_16213,TC005255
iB_16214,TC016416
iB_16215,TC001781
iB_16216,TC006916
iB_16217,TC000392
iB_16218,TC016094
iB_16219,TC008533
iB_16220,TC005150
iB_16221,TC032096
iB_16222,TC034246
iB_16223,TC031723
iB_16224,TC008792
iB_16225,TC003650
iB_16226,TC030956
iB_16227,TC031261
iB_16228,TC007445
iB_16229,TC016381
iB_16230,TC014186
iB_16231,TC016153
iB_16232,TC032105
iB_16233,TC031961
iB_16234,TC013902
iB_16235,TC032417
iB_16236,TC032237
iB_16237,TC032715
iB_16238,TC001188
iB_16239,TC002605
iB_16240,TC032708
iB_16241,TC006426
iB_16242,TC005839
iB_16243,TC032192
iB_16244,TC032407
iB_16245,TC032892
iB_16246,TC013910
iB_16247,TC031654
iB_16248,TC032385
iB_16249,TC008046
iB_16250,TC004783
iB_16251,TC033719
iB_16252,TC007902
iB_16253,TC032282
iB_16254,TC034035
iB_16255,TC001299
iB_16256,TC013769
iB_16257,TC032103
iB_16258,TC031785
iB_16259,TC031169
iB_16260,TC014739
iB_16261,TC032580
iB_16262,TC008398
iB_16263,TC034962
iB_16264,TC004685
iB_16265,TC016359
iB_16266,TC004175
iB_16267,TC013675
iB_16268,TC004204
iB_16269,TC031687
iB_16270,TC035019
iB_16271,TC034883
iB_16272,TC030992
iB_16273,TC031443
iB_16274,TC034428
iB_16275,TC033684
iB_16276,TC033840
iB_16277,TC005239
iB_16278,TC034716
iB_16279,TC032966
iB_16280,TC006087
iB_16281,TC031588
iB_16282,TC035018
iB_16283,TC002818
iB_16284,TC032460
iB_16285,TC034171
iB_16286,TC033388
iB_16287,TC016142
iB_16288,TC002021
iB_16289,TC034971
iB_16290,TC002729
iB_16291,TC004739
iB_16292,TC011107
iB_16293,TC009853
iB_16294,TC003662
iB_16295,TC013725
iB_16296,TC033897
iB_16297,TC032090
iB_16298,TC002650
iB_16299,TC012485
iB_16300,TC032102
iB_16301,TC031734
iB_16302,TC010582
iB_16303,TC003482
iB_16304,TC010247
iB_16305,TC034234
iB_16306,TC009078
iB_16307,TC005286
iB_16308,TC004668
iB_16309,TC006320
iB_16310,TC015002
iB_16311,TC005205
iB_16312,TC000036
iB_16313,TC011258
iB_16314,TC004506
iB_16315,TC000559
iB_16316,TC032484
iB_16317,TC008152
iB_16318,TC034182
iB_16319,TC034079
iB_16320,TC008490
iB_16321,TC005414
iB_16322,TC031686
iB_16323,TC010017
iB_16324,TC014235
iB_16325,TC031405
iB_16326,TC006504
iB_16327,TC016109
iB_16328,TC006302
iB_16329,TC034817
iB_16330,TC033908
iB_16331,TC008740
iB_16332,TC002402
iB_16333,TC005016
iB_16334,TC033730
iB_16335,TC002974
iB_16336,TC010826
iB_16337,TC032989
iB_16338,TC033741
iB_16339,TC032333
iB_16340,TC015885
iB_16341,TC002111
iB_16342,TC034545
iB_16343,TC033121
iB_16344,TC032914
iB_16345,TC030938
iB_16346,TC034099
iB_16347,TC033854
iB_16348,TC031482
iB_16349,TC015630
iB_16350,TC031733
iB_16351,TC002326
iB_16352,TC012265
iB_16353,TC032752
iB_16354,TC034502
iB_16355,TC032450
iB_16356,TC006650
iB_16357,TC031976
iB_16358,TC033880
iB_16359,TC005279
iB_16360,TC010391
iB_16361,TC004883
iB_16362,TC008335
iB_16363,TC033534
iB_16364,TC033505
iB_16365,TC032026
iB_16366,TC001488
iB_16367,TC001696
iB_16368,TC001486
iB_16369,TC034801
iB_16370,TC034346
iB_16371,TC010223
iB_16372,TC010823
iB_16373,TC001589
iB_16374,TC005289
iB_16375,TC032235
iB_16376,TC007667
iB_16377,TC012983
iB_16378,TC010248
iB_16379,TC001483
iB_16380,TC031607
iB_16381,TC005969
iB_16382,TC010214
iB_16383,TC005259
iB_16384,TC033569
iB_16385,TC000670
iB_16386,TC015646
iB_16387,TC014001
iB_16388,TC003314
iB_16389,TC033383
iB_16390,TC033480
iB_16391,TC002291
iB_16392,TC034479
iB_16393,TC005149
iB_16394,TC016080
iB_16395,TC032743
iB_16396,TC034233
iB_16397,TC015739
iB_16398,TC010918
iB_16399,TC004201
iB_16400,TC014469
iB_16401,TC006997
iB_16402,TC032016
iB_16403,TC006015
iB_16404,TC006682
iB_16405,TC000037
iB_16406,TC015877
iB_16407,TC004213
iB_16408,TC005298
iB_16409,TC035048
iB_16410,TC011781
iB_16411,TC004832
iB_16412,TC013611
iB_16413,TC012865
iB_16414,TC004056
iB_16415,TC002047
iB_16416,TC011591
iB_16417,TC011908
iB_16418,TC015143
iB_16419,TC014010
iB_16420,TC032234
iB_16421,TC031571
iB_16422,TC001425
iB_16423,TC013354
iB_16424,TC000261
iB_16425,TC003591
iB_16426,TC000005
iB_16427,TC010246
iB_16428,TC034473
iB_16429,TC034992
iB_16430,TC034539
iB_16431,TC003934
iB_16432,TC035040
iB_16433,TC006996
iB_16434,TC034349
iB_16435,TC001588
iB_16436,TC000952
iB_16437,TC011885
iB_16438,TC013929
iB_16439,TC006962
iB_16440,TC010193
iB_16441,TC033197
iB_16442,TC002451
iB_16443,TC011775
iB_16444,TC002225
iB_16445,TC000646
iB_16446,TC032713
iB_16447,TC033663
iB_16448,TC034852
iB_16449,TC032804
iB_16450,TC005025
iB_16451,TC034879
iB_16452,TC032627
iB_16453,TC030936
iB_16454,TC034964
iB_16455,TC034909
iB_16456,TC033654
iB_16457,TC031627
iB_16458,TC004247
iB_16459,TC010621
iB_16460,TC006144
iB_16461,TC016024
iB_16462,TC011282
iB_16463,TC031705
iB_16464,TC031852
iB_16465,TC006878
iB_16466,TC004307
iB_16467,TC005037
iB_16468,TC010688
iB_16469,TC030918
iB_16470,TC031073
iB_16471,TC001583
iB_16472,TC011600
iB_16473,TC001496
iB_16474,TC034571
iB_16475,TC031698
iB_16476,TC034496
iB_16477,TC034980
iB_16478,TC009096
iB_16479,TC034191
iB_16480,TC004091
iB_16481,TC016261
iB_16482,TC032210
iB_16483,TC015666
iB_16484,TC034889
iB_16485,TC034780
iB_16486,TC034932
iB_16487,TC031320
iB_16488,TC011486
iB_16489,TC002034
iB_16490,TC008601
iB_16491,TC006922
iB_16492,TC015507
iB_16493,TC034338
iB_16494,TC030927
iB_16495,TC031826
iB_16496,TC006998
iB_16497,TC034934
iB_16498,TC016362
iB_16499,TC001721
iB_16500,TC033909
iB_16501,TC002923
iB_16502,TC000951
iB_16503,TC004885
iB_16504,TC001892
iB_16505,TC001857
iB_16506,TC012022
iB_16507,TC009728
iB_16508,TC034536
iB_16509,TC003681
iB_16510,TC000455
iB_16511,TC013471
iB_16512,TC014803
iB_16513,TC003585
iB_16514,TC016054
iB_16515,TC034864
iB_16516,TC032533
iB_16517,TC010966
iB_16518,TC005598
iB_16519,TC033961
iB_16520,TC007408
iB_16521,TC016180
iB_16522,TC012670
iB_16523,TC012459
iB_16524,TC009379
iB_16525,TC007829
iB_16526,TC002041
iB_16527,TC001619
iB_16528,TC032679
iB_16529,TC014578
iB_16530,TC015966
iB_16531,TC011853
iB_16532,TC010095
iB_16533,TC033923
iB_16534,TC013305
iB_16535,TC002028
iB_16536,TC003113
iB_16537,TC006861
iB_16538,TC011956
iB_16539,TC013297
iB_16540,TC033293
iB_16541,TC031374
iB_16542,TC034498
iB_16543,TC008822
iB_16544,TC008988
iB_16545,TC008346
iB_16546,TC004271
iB_16547,TC015968
iB_16548,TC008536
iB_16549,TC003683
iB_16550,TC000765
iB_16551,TC011426
iB_16552,TC002910
iB_16553,TC033416
iB_16554,TC004498
iB_16555,TC004998
iB_16556,TC012703
iB_16557,TC005970
iB_16558,TC005402
iB_16559,TC003725
iB_16560,TC011416
iB_16561,TC010556
iB_16562,TC031544
iB_16563,TC007052
iB_16564,TC002479
iB_16565,TC007040
iB_16566,TC006864
iB_16567,TC032007
iB_16568,TC002236
iB_16569,TC000860
iB_16570,TC001008
iB_16571,TC031651
iB_16572,TC003824
iB_16573,TC013841
iB_16574,TC004163
iB_16575,TC034359
iB_16576,TC009826
iB_16577,TC007669
iB_16578,TC001028
iB_16579,TC003577
iB_16580,TC016264
iB_16581,TC009945
iB_16582,TC000006
iB_16583,TC031527
iB_16584,TC003225
iB_16585,TC014805
iB_16586,TC007621
iB_16587,TC014043
iB_16588,TC003769
iB_16589,TC007140
iB_16590,TC001267
iB_16591,TC013302
iB_16592,TC005248
iB_16593,TC005537
iB_16594,TC006491
iB_16595,TC004507
iB_16596,TC032894
iB_16597,TC012452
iB_16598,TC005156
iB_16599,TC012926
iB_16600,TC000260
iB_16601,TC007334
iB_16602,TC003012
iB_16603,TC033218
iB_16604,TC001117
iB_16605,TC016113
iB_16606,TC004479
iB_16607,TC002512
iB_16608,TC034258
iB_16609,TC012693
iB_16610,TC006877
iB_16611,TC002153
iB_16612,TC013054
iB_16613,TC000898
iB_16614,TC000283
iB_16615,TC016146
iB_16616,TC034987
iB_16617,TC003772
iB_16618,TC008634
iB_16619,TC005291
iB_16620,TC034927
iB_16621,TC034257
iB_16622,TC001184
iB_16623,TC011387
iB_16624,TC006974
iB_16625,TC010220
iB_16626,TC016144
iB_16627,TC007777
iB_16628,TC010792
iB_16629,TC000284
iB_16630,TC007041
iB_16631,TC011977
iB_16632,TC011904
iB_16633,TC005299
iB_16634,TC031018
iB_16635,TC009751
iB_16636,TC014232
iB_16637,TC034601
iB_16638,TC001494
iB_16639,TC003771
iB_16640,TC002196
iB_16641,TC012788
iB_16642,TC010574
iB_16643,TC005429
iB_16644,TC002046
iB_16645,TC003261
iB_16646,TC013914
iB_16647,TC009353
iB_16648,TC008258
iB_16649,TC001294
iB_16650,TC002902
iB_16651,TC004517
iB_16652,TC032315
iB_16653,TC014670
iB_16654,TC010077
iB_16655,TC008114
iB_16656,TC002862
iB_16657,TC012957
iB_16658,TC011083
iB_16659,TC007355
iB_16660,TC000307
iB_16661,TC001608
iB_16662,TC010080
iB_16663,TC009868
iB_16664,TC006233
iB_16665,TC014508
iB_16666,TC007888
iB_16667,TC003090
iB_16668,TC006880
iB_16669,TC013621
iB_16670,TC014255
iB_16671,TC006791
iB_16672,TC005422
iB_16673,TC014059
iB_16674,TC013899
iB_16675,TC008843
iB_16676,TC003684
iB_16677,TC000645
iB_16678,TC033751
iB_16679,TC001591
iB_16680,TC010631
iB_16681,TC031011
iB_16682,TC010313
iB_16683,TC008746
iB_16684,TC006473
iB_16685,TC005017
iB_16686,TC001644
iB_16687,TC010862
iB_16688,TC002670
iB_16689,TC009323
iB_16690,TC010078
iB_16691,TC034913
iB_16692,TC008074
iB_16693,TC008050
iB_16694,TC007161
iB_16695,TC002513
iB_16696,TC014066
iB_16697,TC001603
iB_16698,TC002685
iB_16699,TC002474
iB_16700,TC000489
iB_16701,TC004051
iB_16702,TC010397
iB_16703,TC009248
iB_16704,TC012746
iB_16705,TC005340
iB_16706,TC003705
iB_16707,TC008694
iB_16708,TC004754
iB_16709,TC003892
iB_16710,TC008008
iB_16711,TC015527
iB_16712,TC002292
iB_16713,TC003030
iB_16714,TC016015
iB_16715,TC014765
iB_16716,TC001295
iB_16717,TC008893
iB_16718,TC011811
iB_16719,TC007217
iB_16720,TC013499
iB_16721,TC006073
iB_16722,TC009454
iB_16723,TC003660
iB_16724,TC013092
iB_16725,TC008054
iB_16726,TC000892
iB_16727,TC013610
iB_16728,TC008600
iB_16729,TC012541
iB_16730,TC007001
iB_16731,TC000341
iB_16732,TC011494
iB_16733,TC014510
iB_16734,TC004917
iB_16735,TC006387
iB_16736,TC003031
iB_16737,TC013900
iB_16738,TC012879
iB_16739,TC009909
iB_16740,TC001290
iB_16741,TC013688
iB_16742,TC001972
iB_16743,TC005827
iB_16744,TC001454
iB_16745,TC005699
iB_16746,TC002927
iB_16747,TC031502
iB_16748,TC016119
iB_16749,TC014349
iB_16750,TC011625
iB_16751,TC000259
iB_16752,TC011485
iB_16753,TC008345
iB_16754,TC013764
iB_16755,TC010733
iB_16756,TC002891
iB_16757,TC010135
iB_16758,TC004913
iB_16759,TC008824
iB_16760,TC004813
iB_16761,TC016179
iB_16762,TC011375
iB_16763,TC006304
iB_16764,TC000022
iB_16765,TC001974
iB_16766,TC032810
iB_16767,TC012401
iB_16768,TC011726
iB_16769,TC013533
iB_16770,TC004487
iB_16771,TC009030
iB_16772,TC012836
iB_16773,TC008434
iB_16774,TC008192
iB_16775,TC006377
iB_16776,TC004681
iB_16777,TC003926
iB_16778,TC014969
iB_16779,TC013557
iB_16780,TC001627
iB_16781,TC015734
iB_16782,TC012790
iB_16783,TC001827
iB_16784,TC001626
iB_16785,TC034833
iB_16786,TC008626
iB_16787,TC002758
iB_16788,TC000826
iB_16789,TC011378
iB_16790,TC007866
iB_16791,TC007605
iB_16792,TC013518
iB_16793,TC005346
iB_16794,TC004288
iB_16795,TC003723
iB_16796,TC004077
iB_16797,TC000001
iB_16798,TC000067
iB_16799,TC000076
iB_16800,TC000273
iB_16801,TC000378
iB_16802,TC000545
iB_16803,TC000721
iB_16804,TC000845
iB_16805,TC000922
iB_16806,TC001192
iB_16807,TC001277
iB_16808,TC001388
iB_16809,TC001402
iB_16810,TC001432
iB_16811,TC001478
iB_16812,TC001481
iB_16813,TC001491
iB_16814,TC001649
iB_16815,TC001726
iB_16816,TC001829
iB_16817,TC001906
iB_16818,TC001949
iB_16819,TC001989
iB_16820,TC002090
iB_16821,TC002098
iB_16822,TC002200
iB_16823,TC002226
iB_16824,TC002282
iB_16825,TC002314
iB_16826,TC002331
iB_16827,TC002357
iB_16828,TC002428
iB_16829,TC002434
iB_16830,TC002523
iB_16831,TC002524
iB_16832,TC002563
iB_16833,TC002640
iB_16834,TC002649
iB_16835,TC002660
iB_16836,TC002690
iB_16837,TC002700
iB_16838,TC002721
iB_16839,TC002771
iB_16840,TC002843
iB_16841,TC002953
iB_16842,TC003104
iB_16843,TC003233
iB_16844,TC003291
iB_16845,TC003292
iB_16846,TC003344
iB_16847,TC003444
iB_16848,TC003487
iB_16849,TC003520
iB_16850,TC003671
iB_16851,TC003673
iB_16852,TC003693
iB_16853,TC003758
iB_16854,TC003809
iB_16855,TC003812
iB_16856,TC003828
iB_16857,TC003830
iB_16858,TC004001
iB_16859,TC004014
iB_16860,TC004017
iB_16861,TC004027
iB_16862,TC004075
iB_16863,TC004130
iB_16864,TC004154
iB_16865,TC004155
iB_16866,TC004157
iB_16867,TC004165
iB_16868,TC004203
iB_16869,TC004239
iB_16870,TC004263
iB_16871,TC004303
iB_16872,TC004308
iB_16873,TC004309
iB_16874,TC004341
iB_16875,TC004380
iB_16876,TC004416
iB_16877,TC004439
iB_16878,TC004441
iB_16879,TC004444
iB_16880,TC004493
iB_16881,TC005320
iB_16882,TC005698
iB_16883,TC005701
iB_16884,TC006292
iB_16885,TC007725
iB_16886,TC008153
iB_16887,TC009087
iB_16888,TC009260
iB_16889,TC009605
iB_16890,TC009697
iB_16891,TC009830
iB_16892,TC010067
iB_16893,TC010132
iB_16894,TC010233
iB_16895,TC010237
iB_16896,TC010244
iB_16897,TC011406
iB_16898,TC011411
iB_16899,TC012234
iB_16900,TC012529
iB_16901,TC012577
iB_16902,TC012993
iB_16903,TC030138
iB_16904,TC030140
iB_16905,TC030185
iB_16906,TC030272
iB_16907,TC030434
iB_16908,TC030603
iB_16909,TC030689
iB_16910,TC030752
iB_16911,TC030760
iB_16912,TC030910
iB_16913,TC031081
iB_16914,TC031162
iB_16915,TC031226
iB_16916,TC031356
iB_16917,TC031933
iB_16918,TC032148
iB_16919,TC032154
iB_16920,TC032162
iB_16921,TC032163
iB_16922,TC032294
iB_16923,TC032974
iB_16924,TC033805
iB_16925,TC033921
iB_16926,TC034156
iB_16927,TC034434
iB_16928,TC000599
iB_16929,TC001858
iB_16930,TC005266
iB_16931,TC000597
iB_16932,TC001404
iB_16933,TC001995
iB_16934,TC002343
iB_16935,TC002483
iB_16936,TC003295
iB_16937,TC003575
iB_16938,TC003599
iB_16939,TC003639
iB_16940,TC004054
iB_16941,TC004082
iB_16942,TC005091
iB_16943,TC005368
iB_16944,TC005873
iB_16945,TC007350
iB_16946,TC008451
iB_16947,TC010224
iB_16948,TC011497
iB_16949,TC012755
iB_16950,TC013048
iB_16951,TC013222
iB_16952,TC015561
iB_16953,TC015623
iB_16954,TC030392
iB_16955,TC030925
iB_16956,TC031301
iB_16957,TC032781
iB_16958,TC033181
iB_16959,TC033249
iB_16960,TC033322
iB_16961,TC033799
iB_16962,TC004211
iB_16963,TC004223
iB_16964,TC014230
iB_16965,TC031077
iB_16966,TC008120
iB_16967,TC015887
iB_16968,TC034712
iB_16969,TC034432
iB_16970,TC009269
iB_16971,TC004759
iB_16972,TC002370
iB_16973,TC032767
iB_16974,TC013807
iB_16975,TC032624
iB_16976,TC031983
iB_16977,TC034238
iB_16978,TC031806
iB_16979,TC031944
iB_16980,TC033914
iB_16981,TC007360
iB_16982,TC033078
iB_16983,TC031500
iB_16984,TC031653
iB_16985,TC032352
iB_16986,TC033869
iB_16987,TC032362
iB_16988,TC034403
iB_16989,TC031199
iB_16990,TC031523
iB_16991,TC033930
iB_16992,TC007757
iB_16993,TC031282
iB_16994,TC001909
iB_16995,TC015249
iB_16996,TC032029
iB_16997,TC032659
iB_16998,TC031197
iB_16999,TC006601
iB_17000,TC031774
iB_17001,TC014141
iB_17002,TC031080
iB_17003,TC003815
iB_17004,TC032959
iB_17005,TC030966
iB_17006,TC002022
iB_17007,TC034947
iB_17008,TC007821
iB_17009,TC032015
iB_17010,TC031407
iB_17011,TC004332
iB_17012,TC004270
iB_17013,TC001406
iB_17014,TC008805
iB_17015,TC031550
iB_17016,TC033294
iB_17017,TC035022
iB_17018,TC006915
iB_17019,TC007338
iB_17020,TC032107
iB_17021,TC033021
iB_17022,TC000286
iB_17023,TC031389
iB_17024,TC032468
iB_17025,TC034709
iB_17026,TC012733
iB_17027,TC031937
iB_17028,TC005169
iB_17029,TC003993
iB_17030,TC012968
iB_17031,TC008581
iB_17032,TC010249
iB_17033,TC012912
iB_17034,TC034676
iB_17035,TC002017
iB_17036,TC015963
iB_17037,TC010560
iB_17038,TC005790
iB_17039,TC013387
iB_17040,TC006346
iB_17041,TC001260
iB_17042,TC002327
iB_17043,TC003198
iB_17044,TC004262
iB_17045,TC011974
iB_17046,TC032038
iB_17047,TC002436
iB_17048,TC002176
iB_17049,TC031947
iB_17050,TC010725
iB_17051,TC005293
iB_17052,TC003658
iB_17053,TC013678
iB_17054,TC012111
iB_17055,TC000899
iB_17056,TC000777
iB_17057,TC000628
iB_17058,TC009272
iB_17059,TC012441
iB_17060,TC008748
iB_17061,TC003890
iB_17062,TC000716
iB_17063,TC000490
iB_17064,TC007622
iB_17065,TC001482
iB_17066,TC014719
iB_17067,TC008458
iB_17068,TC011109
iB_17069,TC014331
iB_17070,TC004191
iB_17071,TC002290
iB_17072,TC013981
iB_17073,TC012329
iB_17074,TC012202
iB_17075,TC008328
iB_17076,TC004614
iB_17077,TC008249
iB_17078,TC000659
iB_17079,TC011985
iB_17080,TC011498
iB_17081,TC008269
iB_17082,TC002754
iB_17083,TC016168
iB_17084,TC004156
iB_17085,TC008571
iB_17086,TC014569
iB_17087,TC008622
iB_17088,TC007527
iB_17089,TC013856
iB_17090,TC011581
iB_17091,TC016091
iB_17092,TC004529
iB_17093,TC001838
iB_17094,TC014558
iB_17095,TC010090
iB_17096,TC003622
iB_17097,TC007137
iB_17098,TC008362
iB_17099,TC007294
iB_17100,TC013158
iB_17101,TC010950
iB_17102,TC008850
iB_17103,TC002203
iB_17104,TC007462
iB_17105,TC013239
iB_17106,TC012456
iB_17107,TC010297
iB_17108,TC004880
iB_17109,TC014991
iB_17110,TC005645
iB_17111,TC012333
iB_17112,TC003579
iB_17113,TC015438
iB_17114,TC014614
iB_17115,TC012739
iB_17116,TC007064
iB_17117,TC006695
iB_17118,TC005350
iB_17119,TC016039
iB_17120,TC010083
iB_17121,TC008115
iB_17122,TC007609
iB_17123,TC002703
iB_17124,TC002776
iB_17125,TC011216
iB_17126,TC005642
iB_17127,TC001080
iB_17128,TC013100
iB_17129,TC001776
iB_17130,TC000007
iB_17131,TC012722
iB_17132,TC011766
iB_17133,TC012716
iB_17134,TC009855
iB_17135,TC003724
iB_17136,TC002457
iB_17137,TC013238
iB_17138,TC009136
iB_17139,TC006531
iB_17140,TC003685
iB_17141,TC002744
iB_17142,TC016071
iB_17143,TC011453
iB_17144,TC008747
iB_17145,TC008193
iB_17146,TC002237
iB_17147,TC013298
iB_17148,TC010136
iB_17149,TC003581
iB_17150,TC014057
iB_17151,TC013363
iB_17152,TC011779
iB_17153,TC003266
iB_17154,TC000340
iB_17155,TC012079
iB_17156,TC005446
iB_17157,TC003576
iB_17158,TC003511
iB_17159,TC001196
iB_17160,TC001127
iB_17161,TC013730
iB_17162,TC006921
iB_17163,TC014302
iB_17164,TC007895
iB_17165,TC002699
iB_17166,TC012594
iB_17167,TC011957
iB_17168,TC004571
iB_17169,TC002469
iB_17170,TC010700
iB_17171,TC006005
iB_17172,TC015745
iB_17173,TC008375
iB_17174,TC007449
iB_17175,TC010730
iB_17176,TC000891
iB_17177,TC014449
iB_17178,TC012398
iB_17179,TC011983
iB_17180,TC010734
iB_17181,TC008892
iB_17182,TC015055
iB_17183,TC014117
iB_17184,TC003513
iB_17185,TC003106
iB_17186,TC013991
iB_17187,TC012961
iB_17188,TC012472
iB_17189,TC009898
iB_17190,TC003882
iB_17191,TC014744
iB_17192,TC008751
iB_17193,TC005639
iB_17194,TC012789
iB_17195,TC002928
iB_17196,TC007677
iB_17197,TC000072
iB_17198,TC012480
iB_17199,TC009859
iB_17200,TC002319
iB_17201,TC001332
iB_17202,TC000958
iB_17203,TC010859
iB_17204,TC008978
iB_17205,TC004319
iB_17206,TC003721
iB_17207,TC003285
iB_17208,TC003015
iB_17209,TC000025
iB_17210,TC016187
iB_17211,TC016114
iB_17212,TC010510
iB_17213,TC009088
iB_17214,TC008159
iB_17215,TC007225
iB_17216,TC002204
iB_17217,TC000420
iB_17218,TC013443
iB_17219,TC013440
iB_17220,TC007115
iB_17221,TC004736
iB_17222,TC000510
iB_17223,TC008374
iB_17224,TC007980
iB_17225,TC014618
iB_17226,TC013983
iB_17227,TC013281
iB_17228,TC012255
iB_17229,TC001203
iB_17230,TC000694
iB_17231,TC009522
iB_17232,TC007994
iB_17233,TC002725
iB_17234,TC014399
iB_17235,TC013729
iB_17236,TC012003
iB_17237,TC004904
iB_17238,TC000264
iB_17239,TC013549
iB_17240,TC009921
iB_17241,TC004537
iB_17242,TC002679
iB_17243,TC016275
iB_17244,TC014262
iB_17245,TC011152
iB_17246,TC008183
iB_17247,TC008041
iB_17248,TC004415
iB_17249,TC014555
iB_17250,TC010732
iB_17251,TC006932
iB_17252,TC016038
iB_17253,TC013512
iB_17254,TC008950
iB_17255,TC007899
iB_17256,TC035000
iB_17257,TC010890
iB_17258,TC007909
iB_17259,TC005407
iB_17260,TC004804
iB_17261,TC000775
iB_17262,TC000696
iB_17263,TC013026
iB_17264,TC012603
iB_17265,TC011293
iB_17266,TC009764
iB_17267,TC003631
iB_17268,TC014324
iB_17269,TC013207
iB_17270,TC008377
iB_17271,TC008213
iB_17272,TC003108
iB_17273,TC002604
iB_17274,TC000343
iB_17275,TC011364
iB_17276,TC008079
iB_17277,TC006011
iB_17278,TC003667
iB_17279,TC003473
iB_17280,TC002819
iB_17281,TC013957
iB_17282,TC008743
iB_17283,TC008327
iB_17284,TC006541
iB_17285,TC005843
iB_17286,TC004572
iB_17287,TC003679
iB_17288,TC001777
iB_17289,TC000718
iB_17290,TC000212
iB_17291,TC008378
iB_17292,TC007977
iB_17293,TC007917
iB_17294,TC004477
iB_17295,TC002772
iB_17296,TC002179
iB_17297,TC000471
iB_17298,TC016374
iB_17299,TC015694
iB_17300,TC009823
iB_17301,TC009523
iB_17302,TC008082
iB_17303,TC002794
iB_17304,TC001516
iB_17305,TC014724
iB_17306,TC013330
iB_17307,TC007596
iB_17308,TC003888
iB_17309,TC000650
iB_17310,TC034565
iB_17311,TC016268
iB_17312,TC012478
iB_17313,TC011765
iB_17314,TC007196
iB_17315,TC005540
iB_17316,TC003636
iB_17317,TC003534
iB_17318,TC003431
iB_17319,TC012444
iB_17320,TC010718
iB_17321,TC003107
iB_17322,TC016277
iB_17323,TC016059
iB_17324,TC015017
iB_17325,TC014912
iB_17326,TC013287
iB_17327,TC013159
iB_17328,TC012486
iB_17329,TC011492
iB_17330,TC009064
iB_17331,TC007388
iB_17332,TC005416
iB_17333,TC003764
iB_17334,TC000262
iB_17335,TC016014
iB_17336,TC011984
iB_17337,TC011342
iB_17338,TC011146
iB_17339,TC006537
iB_17340,TC004687
iB_17341,TC004323
iB_17342,TC001547
iB_17343,TC000869
iB_17344,TC000776
iB_17345,TC000651
iB_17346,TC000348
iB_17347,TC013638
iB_17348,TC012907
iB_17349,TC010891
iB_17350,TC010190
iB_17351,TC009762
iB_17352,TC009134
iB_17353,TC006142
iB_17354,TC002820
iB_17355,TC001538
iB_17356,TC013510
iB_17357,TC012728
iB_17358,TC010802
iB_17359,TC010265
iB_17360,TC009155
iB_17361,TC008866
iB_17362,TC008432
iB_17363,TC007526
iB_17364,TC004845
iB_17365,TC003686
iB_17366,TC001868
iB_17367,TC001536
iB_17368,TC014657
iB_17369,TC013216
iB_17370,TC011363
iB_17371,TC009662
iB_17372,TC008942
iB_17373,TC007049
iB_17374,TC012939
iB_17375,TC012211
iB_17376,TC011334
iB_17377,TC010787
iB_17378,TC008932
iB_17379,TC008766
iB_17380,TC008306
iB_17381,TC006859
iB_17382,TC006012
iB_17383,TC004707
iB_17384,TC001532
iB_17385,TC015798
iB_17386,TC015797
iB_17387,TC013619
iB_17388,TC013426
iB_17389,TC010396
iB_17390,TC009062
iB_17391,TC006016
iB_17392,TC005220
iB_17393,TC003469
iB_17394,TC003014
iB_17395,TC002511
iB_17396,TC002086
iB_17397,TC014649
iB_17398,TC002997
iB_17399,TC001514
iB_17400,TC011489
iB_17401,TC009242
iB_17402,TC001520
iB_17403,TC000153
iB_17404,TC000226
iB_17405,TC000360
iB_17406,TC000606
iB_17407,TC000617
iB_17408,TC000732
iB_17409,TC000887
iB_17410,TC001272
iB_17411,TC001950
iB_17412,TC001953
iB_17413,TC003218
iB_17414,TC003967
iB_17415,TC004312
iB_17416,TC004400
iB_17417,TC004402
iB_17418,TC005002
iB_17419,TC005224
iB_17420,TC005382
iB_17421,TC006822
iB_17422,TC009547
iB_17423,TC009978
iB_17424,TC011039
iB_17425,TC011065
iB_17426,TC011380
iB_17427,TC011495
iB_17428,TC011517
iB_17429,TC012235
iB_17430,TC012240
iB_17431,TC012633
iB_17432,TC012660
iB_17433,TC012945
iB_17434,TC013083
iB_17435,TC013447
iB_17436,TC013486
iB_17437,TC013493
iB_17438,TC015152
iB_17439,TC015160
iB_17440,TC015541
iB_17441,TC015545
iB_17442,TC015568
iB_17443,TC015621
iB_17444,TC015783
iB_17445,TC015916
iB_17446,TC030129
iB_17447,TC030218
iB_17448,TC030273
iB_17449,TC030322
iB_17450,TC030337
iB_17451,TC030347
iB_17452,TC030427
iB_17453,TC030428
iB_17454,TC030429
iB_17455,TC030432
iB_17456,TC031143
iB_17457,TC031340
iB_17458,TC031438
iB_17459,TC031628
iB_17460,TC031800
iB_17461,TC031807
iB_17462,TC031889
iB_17463,TC031908
iB_17464,TC031989
iB_17465,TC032387
iB_17466,TC032542
iB_17467,TC032875
iB_17468,TC033109
iB_17469,TC033314
iB_17470,TC033725
iB_17471,TC033817
iB_17472,TC034647
iB_17473,TC034728
iB_17474,TC034781
iB_17475,TC034940
iB_17476,TC034951
iB_17477,TC001495
iB_17478,TC002329
iB_17479,TC003914
iB_17480,TC030362
iB_17481,TC032962
iB_17482,TC005256
iB_17483,TC010986
iB_17484,TC000516
iB_17485,TC000745
iB_17486,TC001422
iB_17487,TC001489
iB_17488,TC001915
iB_17489,TC001969
iB_17490,TC001998
iB_17491,TC002010
iB_17492,TC002027
iB_17493,TC002157
iB_17494,TC002271
iB_17495,TC002383
iB_17496,TC002394
iB_17497,TC002639
iB_17498,TC003161
iB_17499,TC003465
iB_17500,TC003541
iB_17501,TC003601
iB_17502,TC003625
iB_17503,TC004067
iB_17504,TC004186
iB_17505,TC004207
iB_17506,TC004250
iB_17507,TC004283
iB_17508,TC004315
iB_17509,TC004705
iB_17510,TC005162
iB_17511,TC005377
iB_17512,TC005553
iB_17513,TC005636
iB_17514,TC005950
iB_17515,TC006175
iB_17516,TC006399
iB_17517,TC006675
iB_17518,TC006889
iB_17519,TC006948
iB_17520,TC006950
iB_17521,TC008105
iB_17522,TC008230
iB_17523,TC008344
iB_17524,TC008544
iB_17525,TC009693
iB_17526,TC010494
iB_17527,TC010553
iB_17528,TC011047
iB_17529,TC011173
iB_17530,TC011229
iB_17531,TC011646
iB_17532,TC011847
iB_17533,TC011949
iB_17534,TC012051
iB_17535,TC012054
iB_17536,TC012474
iB_17537,TC012732
iB_17538,TC013720
iB_17539,TC013994
iB_17540,TC014239
iB_17541,TC015595
iB_17542,TC030395
iB_17543,TC030407
iB_17544,TC030437
iB_17545,TC030501
iB_17546,TC030890
iB_17547,TC031109
iB_17548,TC031311
iB_17549,TC031332
iB_17550,TC032045
iB_17551,TC032186
iB_17552,TC032527
iB_17553,TC032918
iB_17554,TC033283
iB_17555,TC033370
iB_17556,TC033510
iB_17557,TC034481
iB_17558,TC034822
iB_17559,TC004411
iB_17560,TC007601
iB_17561,TC004335
iB_17562,TC031467
iB_17563,TC009952
iB_17564,TC031950
iB_17565,TC008557
iB_17566,TC032544
iB_17567,TC034544
iB_17568,TC032550
iB_17569,TC006973
iB_17570,TC033586
iB_17571,TC035047
iB_17572,TC006577
iB_17573,TC013998
iB_17574,TC014800
iB_17575,TC011931
iB_17576,TC010118
iB_17577,TC007863
iB_17578,TC012516
iB_17579,TC005318
iB_17580,TC031572
iB_17581,TC001487
iB_17582,TC032391
iB_17583,TC033917
iB_17584,TC005526
iB_17585,TC032405
iB_17586,TC007144
iB_17587,TC012339
iB_17588,TC032647
iB_17589,TC034725
iB_17590,TC034955
iB_17591,TC034162
iB_17592,TC033008
iB_17593,TC034610
iB_17594,TC033288
iB_17595,TC015836
iB_17596,TC033323
iB_17597,TC034936
iB_17598,TC034933
iB_17599,TC035034
iB_17600,TC001401
iB_17601,TC034401
iB_17602,TC012699
iB_17603,TC031951
iB_17604,TC032866
iB_17605,TC033291
iB_17606,TC005728
iB_17607,TC031434
iB_17608,TC030916
iB_17609,TC031659
iB_17610,TC004040
iB_17611,TC000128
iB_17612,TC034273
iB_17613,TC033290
iB_17614,TC031699
iB_17615,TC034307
iB_17616,TC031220
iB_17617,TC033081
iB_17618,TC034997
iB_17619,TC003897
iB_17620,TC033694
iB_17621,TC033916
iB_17622,TC016116
iB_17623,TC003343
iB_17624,TC001837
iB_17625,TC003105
iB_17626,TC033358
iB_17627,TC014426
iB_17628,TC003906
iB_17629,TC032485
iB_17630,TC031542
iB_17631,TC006917
iB_17632,TC010630
iB_17633,TC012944
iB_17634,TC012021
iB_17635,TC000157
iB_17636,TC012694
iB_17637,TC033451
iB_17638,TC032625
iB_17639,TC032984
iB_17640,TC031712
iB_17641,TC031970
iB_17642,TC033136
iB_17643,TC015497
iB_17644,TC014004
iB_17645,TC031222
iB_17646,TC016095
iB_17647,TC034429
iB_17648,TC034908
iB_17649,TC011077
iB_17650,TC011036
iB_17651,TC006923
iB_17652,TC013618
iB_17653,TC016404
iB_17654,TC031439
iB_17655,TC016138
iB_17656,TC009609
iB_17657,TC009886
iB_17658,TC006080
iB_17659,TC001794
iB_17660,TC012089
iB_17661,TC033278
iB_17662,TC033030
iB_17663,TC014140
iB_17664,TC014355
iB_17665,TC008155
iB_17666,TC004320
iB_17667,TC004252
iB_17668,TC007901
iB_17669,TC009004
iB_17670,TC001650
iB_17671,TC003610
iB_17672,TC002707
iB_17673,TC015999
iB_17674,TC014446
iB_17675,TC000295
iB_17676,TC001912
iB_17677,TC010673
iB_17678,TC008376
iB_17679,TC008624
iB_17680,TC000204
iB_17681,TC011111
iB_17682,TC016036
iB_17683,TC007065
iB_17684,TC011959
iB_17685,TC001517
iB_17686,TC001955
